{"stats":{"minecraft:mined":{"minecraft:crafting_table":5,"minecraft:short_grass":7,"minecraft:grass_block":13,"minecraft:spruce_leaves":1,"minecraft:sugar_cane":11,"minecraft:furnace":1,"minecraft:blue_ice":1,"minecraft:spruce_log":5,"minecraft:birch_leaves":2,"minecraft:coal_ore":20,"minecraft:oak_log":18,"minecraft:cocoa":3,"minecraft:dirt":12,"minecraft:packed_ice":5,"minecraft:stone":36,"minecraft:oak_leaves":8},"minecraft:custom":{"minecraft:interact_with_furnace":16,"minecraft:mob_kills":10,"minecraft:interact_with_crafting_table":9,"minecraft:leave_game":3,"minecraft:time_since_death":9813,"minecraft:climb_one_cm":1350,"minecraft:time_since_rest":9884,"minecraft:sprint_one_cm":64429,"minecraft:damage_taken":945,"minecraft:walk_one_cm":60058,"minecraft:drop":3,"minecraft:damage_dealt":1246,"minecraft:swim_one_cm":155338,"minecraft:fly_one_cm":113929,"minecraft:open_chest":1,"minecraft:crouch_one_cm":1064,"minecraft:play_time":43837,"minecraft:deaths":1,"minecraft:sneak_time":702,"minecraft:walk_under_water_one_cm":15804,"minecraft:boat_one_cm":108657,"minecraft:jump":604,"minecraft:walk_on_water_one_cm":61053,"minecraft:total_world_time":43837,"minecraft:fall_one_cm":11650},"minecraft:broken":{"minecraft:wooden_axe":1,"minecraft:wooden_pickaxe":1},"minecraft:killed":{"minecraft:pig":3,"minecraft:zombie":1,"minecraft:cow":6},"minecraft:killed_by":{"minecraft:zombie":1},"minecraft:used":{"minecraft:golden_boots":1,"minecraft:stone_pickaxe":1,"minecraft:wooden_pickaxe":59,"minecraft:dirt":19,"minecraft:crafting_table":4,"minecraft:golden_chestplate":1,"minecraft:obsidian":1,"minecraft:wooden_axe":64,"minecraft:stone_axe":15,"minecraft:beef":2,"minecraft:furnace":1,"minecraft:cooked_porkchop":2,"minecraft:oak_boat":5,"minecraft:cooked_beef":5},"minecraft:crafted":{"minecraft:cooked_beef":6,"minecraft:oak_planks":72,"minecraft:cooked_porkchop":7,"minecraft:crafting_table":1,"minecraft:spruce_planks":16,"minecraft:wooden_pickaxe":2,"minecraft:furnace":1,"minecraft:stone_axe":2,"minecraft:air":0,"minecraft:oak_boat":2,"minecraft:stick":16,"minecraft:iron_ingot":2,"minecraft:stone_pickaxe":2,"minecraft:wooden_axe":2},"minecraft:picked_up":{"minecraft:cocoa_beans":5,"minecraft:crafting_table":5,"minecraft:leather":3,"minecraft:oak_log":18,"minecraft:dirt":24,"minecraft:kelp":7,"minecraft:wheat_seeds":2,"minecraft:light_weighted_pressure_plate":1,"minecraft:beef":12,"minecraft:oak_boat":4,"minecraft:sugar_cane":16,"minecraft:birch_sapling":1,"minecraft:furnace":1,"minecraft:stick":1,"minecraft:porkchop":7,"minecraft:spruce_log":4,"minecraft:rotten_flesh":1,"minecraft:oak_sapling":2,"minecraft:coal":19,"minecraft:cobblestone":36},"minecraft:dropped":{"minecraft:kelp":7,"minecraft:dirt":1}},"DataVersion":3953}