{"stats":{"minecraft:mined":{"minecraft:blue_ice":1,"minecraft:packed_ice":5},"minecraft:custom":{"minecraft:jump":103,"minecraft:time_since_rest":7998,"minecraft:damage_taken":80,"minecraft:crouch_one_cm":333,"minecraft:leave_game":2,"minecraft:play_time":7998,"minecraft:sprint_one_cm":13033,"minecraft:time_since_death":7998,"minecraft:walk_on_water_one_cm":37365,"minecraft:walk_one_cm":3324,"minecraft:sneak_time":154,"minecraft:total_world_time":7998,"minecraft:walk_under_water_one_cm":2091,"minecraft:swim_one_cm":20704,"minecraft:fall_one_cm":2293,"minecraft:fly_one_cm":27546}},"DataVersion":3953}