{"stats":{"minecraft:mined":{"minecraft:acacia_leaves":1,"minecraft:crafting_table":5,"minecraft:short_grass":36,"minecraft:acacia_log":7,"minecraft:grass_block":13,"minecraft:tall_grass":15,"minecraft:spruce_leaves":1,"minecraft:sugar_cane":11,"minecraft:furnace":1,"minecraft:blue_ice":1,"minecraft:spruce_log":5,"minecraft:birch_leaves":2,"minecraft:coal_ore":40,"minecraft:oak_log":24,"minecraft:cocoa":5,"minecraft:dirt":12,"minecraft:packed_ice":5,"minecraft:stone":36,"minecraft:oak_leaves":8},"minecraft:custom":{"minecraft:interact_with_furnace":16,"minecraft:mob_kills":13,"minecraft:interact_with_crafting_table":9,"minecraft:leave_game":3,"minecraft:time_since_death":21813,"minecraft:climb_one_cm":1450,"minecraft:time_since_rest":21884,"minecraft:sprint_one_cm":89728,"minecraft:damage_taken":999,"minecraft:walk_one_cm":70398,"minecraft:drop":3,"minecraft:damage_dealt":1469,"minecraft:swim_one_cm":157728,"minecraft:fly_one_cm":149913,"minecraft:open_chest":1,"minecraft:crouch_one_cm":2379,"minecraft:play_time":55837,"minecraft:deaths":1,"minecraft:sneak_time":1355,"minecraft:walk_under_water_one_cm":18547,"minecraft:boat_one_cm":282953,"minecraft:jump":771,"minecraft:walk_on_water_one_cm":62520,"minecraft:total_world_time":55837,"minecraft:fall_one_cm":15472},"minecraft:broken":{"minecraft:wooden_axe":2,"minecraft:wooden_pickaxe":1},"minecraft:killed":{"minecraft:pig":3,"minecraft:zombie":1,"minecraft:chicken":3,"minecraft:cow":6},"minecraft:killed_by":{"minecraft:zombie":1},"minecraft:used":{"minecraft:golden_boots":1,"minecraft:stone_pickaxe":1,"minecraft:wooden_pickaxe":79,"minecraft:dirt":19,"minecraft:crafting_table":4,"minecraft:golden_chestplate":1,"minecraft:obsidian":1,"minecraft:wooden_axe":105,"minecraft:stone_axe":15,"minecraft:beef":6,"minecraft:furnace":1,"minecraft:cooked_porkchop":2,"minecraft:oak_boat":9,"minecraft:cooked_beef":5},"minecraft:crafted":{"minecraft:cooked_beef":6,"minecraft:oak_planks":96,"minecraft:cooked_porkchop":7,"minecraft:crafting_table":1,"minecraft:spruce_planks":16,"minecraft:wooden_pickaxe":2,"minecraft:furnace":1,"minecraft:stone_axe":2,"minecraft:air":0,"minecraft:oak_boat":2,"minecraft:stick":16,"minecraft:iron_ingot":2,"minecraft:stone_pickaxe":2,"minecraft:wooden_axe":2,"minecraft:acacia_planks":24},"minecraft:picked_up":{"minecraft:cocoa_beans":11,"minecraft:crafting_table":5,"minecraft:feather":2,"minecraft:chicken":3,"minecraft:leather":3,"minecraft:oak_log":24,"minecraft:dirt":24,"minecraft:kelp":7,"minecraft:wheat_seeds":6,"minecraft:light_weighted_pressure_plate":1,"minecraft:beef":12,"minecraft:oak_boat":8,"minecraft:sugar_cane":16,"minecraft:birch_sapling":1,"minecraft:acacia_sapling":1,"minecraft:furnace":1,"minecraft:stick":3,"minecraft:acacia_log":6,"minecraft:porkchop":11,"minecraft:spruce_log":4,"minecraft:rotten_flesh":1,"minecraft:oak_sapling":2,"minecraft:coal":39,"minecraft:cobblestone":36},"minecraft:dropped":{"minecraft:kelp":7,"minecraft:dirt":1}},"DataVersion":3953}