{"stats":{"minecraft:dropped":{"minecraft:moss_carpet":17,"minecraft:moss_block":2,"minecraft:wheat_seeds":7,"minecraft:oak_fence":2,"minecraft:clay_ball":87,"minecraft:rail":4,"minecraft:dirt":1,"minecraft:arrow":2,"minecraft:flowering_azalea":1,"minecraft:bone":1},"minecraft:picked_up":{"minecraft:birch_log":47,"minecraft:crafting_table":5,"minecraft:clay_ball":87,"minecraft:tuff":8,"minecraft:lapis_lazuli":25,"minecraft:string":33,"minecraft:dirt":2,"minecraft:moss_carpet":18,"minecraft:bone":5,"minecraft:wheat_seeds":8,"minecraft:cobbled_deepslate":24,"minecraft:moss_block":8,"minecraft:flowering_azalea":1,"minecraft:oak_planks":2,"minecraft:raw_iron":156,"minecraft:oak_fence":2,"minecraft:torch":5,"minecraft:porkchop":8,"minecraft:diorite":1,"minecraft:carrot":1,"minecraft:arrow":8,"minecraft:rotten_flesh":7,"minecraft:diamond":9,"minecraft:tropical_fish":1,"minecraft:granite":1,"minecraft:mutton":4,"minecraft:coal":116,"minecraft:white_wool":3,"minecraft:cobblestone":116},"minecraft:mined":{"minecraft:tuff":9,"minecraft:deepslate_diamond_ore":9,"minecraft:clay":4,"minecraft:crafting_table":5,"minecraft:torch":1,"minecraft:granite":1,"minecraft:grass_block":1,"minecraft:tall_grass":1,"minecraft:lapis_ore":4,"minecraft:oak_planks":1,"minecraft:moss_block":8,"minecraft:diorite":1,"minecraft:wall_torch":1,"minecraft:birch_log":47,"minecraft:iron_ore":77,"minecraft:birch_leaves":7,"minecraft:moss_carpet":2,"minecraft:deepslate_lapis_ore":1,"minecraft:grass":5,"minecraft:coal_ore":116,"minecraft:vine":3,"minecraft:cave_vines":1,"minecraft:deepslate_iron_ore":79,"minecraft:dirt":1,"minecraft:cobweb":33,"minecraft:stone":112,"minecraft:deepslate":19},"minecraft:broken":{"minecraft:stone_pickaxe":2,"minecraft:stone_sword":1,"minecraft:wooden_axe":1,"minecraft:wooden_pickaxe":2},"minecraft:custom":{"minecraft:interact_with_furnace":8,"minecraft:mob_kills":25,"minecraft:interact_with_crafting_table":12,"minecraft:leave_game":4,"minecraft:time_since_death":3220,"minecraft:climb_one_cm":705,"minecraft:time_since_rest":3250,"minecraft:sprint_one_cm":340208,"minecraft:damage_taken":3320,"minecraft:walk_one_cm":176797,"minecraft:drop":22,"minecraft:damage_dealt":3901,"minecraft:swim_one_cm":3281,"minecraft:fly_one_cm":189143,"minecraft:crouch_one_cm":29659,"minecraft:deaths":3,"minecraft:play_time":94671,"minecraft:sneak_time":11610,"minecraft:walk_under_water_one_cm":12406,"minecraft:jump":1871,"minecraft:walk_on_water_one_cm":21334,"minecraft:total_world_time":94671,"minecraft:fall_one_cm":52929},"minecraft:killed_by":{"minecraft:creeper":1},"minecraft:crafted":{"minecraft:crafting_table":1,"minecraft:wooden_pickaxe":2,"minecraft:furnace":1,"minecraft:birch_planks":44,"minecraft:air":0,"minecraft:stick":60,"minecraft:iron_ingot":29,"minecraft:iron_pickaxe":1,"minecraft:stone_pickaxe":4,"minecraft:wooden_axe":2,"minecraft:stone_sword":2,"minecraft:torch":156},"minecraft:used":{"minecraft:water_bucket":19,"minecraft:diorite":1,"minecraft:stone_sword":151,"minecraft:stone_pickaxe":320,"minecraft:wooden_pickaxe":118,"minecraft:cookie":1,"minecraft:torch":151,"minecraft:dirt":1,"minecraft:crafting_table":5,"minecraft:tuff":8,"minecraft:wooden_axe":85,"minecraft:bread":48,"minecraft:iron_pickaxe":10,"minecraft:cobblestone":29,"minecraft:furnace":1,"minecraft:bucket":19,"minecraft:cobbled_deepslate":24},"minecraft:killed":{"minecraft:pig":4,"minecraft:spider":1,"minecraft:sheep":3,"minecraft:skeleton":4,"minecraft:zombie":11}},"DataVersion":3465}