{"stats":{"minecraft:killed_by":{"minecraft:creeper":1},"minecraft:dropped":{"minecraft:moss_carpet":17,"minecraft:moss_block":2,"minecraft:wheat_seeds":7,"minecraft:birch_sapling":7,"minecraft:oak_fence":2,"minecraft:clay_ball":87,"minecraft:rail":4,"minecraft:dirt":12,"minecraft:arrow":2,"minecraft:flowering_azalea":1,"minecraft:bone":1},"minecraft:broken":{"minecraft:stone_pickaxe":6,"minecraft:iron_axe":1,"minecraft:stone_sword":1,"minecraft:wooden_axe":1,"minecraft:wooden_pickaxe":2},"minecraft:picked_up":{"minecraft:birch_log":422,"minecraft:crafting_table":6,"minecraft:andesite":4,"minecraft:clay_ball":87,"minecraft:birch_planks":26,"minecraft:flint":3,"minecraft:tuff":10,"minecraft:lapis_lazuli":25,"minecraft:string":34,"minecraft:dirt":326,"minecraft:moss_carpet":18,"minecraft:bone":5,"minecraft:wheat_seeds":9,"minecraft:cobbled_deepslate":25,"minecraft:chest":1,"minecraft:moss_block":8,"minecraft:oak_planks":2,"minecraft:birch_sapling":15,"minecraft:flowering_azalea":1,"minecraft:stick":7,"minecraft:raw_iron":160,"minecraft:oak_fence":2,"minecraft:torch":9,"minecraft:birch_stairs":16,"minecraft:gravel":17,"minecraft:porkchop":8,"minecraft:diorite":1,"minecraft:white_bed":2,"minecraft:carrot":1,"minecraft:arrow":8,"minecraft:rotten_flesh":9,"minecraft:diamond":9,"minecraft:tropical_fish":1,"minecraft:granite":6,"minecraft:mutton":4,"minecraft:coal":116,"minecraft:white_wool":3,"minecraft:cobblestone":815},"minecraft:custom":{"minecraft:interact_with_furnace":9,"minecraft:mob_kills":31,"minecraft:interact_with_crafting_table":31,"minecraft:leave_game":7,"minecraft:sleep_in_bed":1,"minecraft:time_since_death":107031,"minecraft:climb_one_cm":2757,"minecraft:time_since_rest":19189,"minecraft:sprint_one_cm":469858,"minecraft:damage_taken":4435,"minecraft:walk_one_cm":395664,"minecraft:drop":26,"minecraft:damage_dealt":5363,"minecraft:swim_one_cm":6363,"minecraft:fly_one_cm":284006,"minecraft:open_chest":23,"minecraft:crouch_one_cm":49634,"minecraft:play_time":198482,"minecraft:deaths":3,"minecraft:sneak_time":20114,"minecraft:walk_under_water_one_cm":17908,"minecraft:jump":3021,"minecraft:walk_on_water_one_cm":28881,"minecraft:total_world_time":198482,"minecraft:fall_one_cm":79163},"minecraft:crafted":{"minecraft:crafting_table":3,"minecraft:wooden_pickaxe":2,"minecraft:furnace":1,"minecraft:birch_planks":1688,"minecraft:air":0,"minecraft:iron_axe":4,"minecraft:ladder":57,"minecraft:stick":284,"minecraft:iron_ingot":29,"minecraft:iron_pickaxe":1,"minecraft:stone_pickaxe":13,"minecraft:wooden_axe":2,"minecraft:white_bed":1,"minecraft:stone_sword":2,"minecraft:chest":8,"minecraft:iron_shovel":4,"minecraft:torch":256,"minecraft:birch_stairs":44},"minecraft:mined":{"minecraft:birch_stairs":16,"minecraft:tuff":9,"minecraft:white_bed":2,"minecraft:deepslate_diamond_ore":9,"minecraft:crafting_table":6,"minecraft:clay":4,"minecraft:torch":1,"minecraft:granite":6,"minecraft:grass_block":50,"minecraft:chest":1,"minecraft:cobblestone":5,"minecraft:tall_grass":1,"minecraft:lapis_ore":4,"minecraft:oak_planks":1,"minecraft:moss_block":8,"minecraft:diorite":1,"minecraft:wall_torch":6,"minecraft:birch_planks":28,"minecraft:birch_log":423,"minecraft:iron_ore":81,"minecraft:fire":1,"minecraft:andesite":4,"minecraft:birch_leaves":27,"minecraft:moss_carpet":2,"minecraft:deepslate_lapis_ore":1,"minecraft:grass":11,"minecraft:vine":3,"minecraft:dirt_path":1,"minecraft:coal_ore":116,"minecraft:cave_vines":1,"minecraft:deepslate_iron_ore":79,"minecraft:gravel":22,"minecraft:dirt":265,"minecraft:cobweb":33,"minecraft:stone":809,"minecraft:oak_leaves":1,"minecraft:deepslate":19},"minecraft:used":{"minecraft:water_bucket":36,"minecraft:diorite":1,"minecraft:stone_sword":185,"minecraft:iron_shovel":315,"minecraft:birch_planks":873,"minecraft:tropical_fish":1,"minecraft:stone_pickaxe":1037,"minecraft:ladder":4,"minecraft:chest":9,"minecraft:wooden_pickaxe":118,"minecraft:cookie":1,"minecraft:torch":167,"minecraft:dirt":243,"minecraft:mutton":4,"minecraft:crafting_table":9,"minecraft:white_bed":3,"minecraft:tuff":8,"minecraft:wooden_axe":87,"minecraft:iron_axe":438,"minecraft:bread":65,"minecraft:iron_pickaxe":13,"minecraft:cobblestone":33,"minecraft:furnace":1,"minecraft:porkchop":8,"minecraft:bucket":36,"minecraft:cobbled_deepslate":24,"minecraft:birch_stairs":60},"minecraft:killed":{"minecraft:pig":4,"minecraft:spider":2,"minecraft:skeleton":4,"minecraft:sheep":3,"minecraft:zombie":16}},"DataVersion":3465}