{"stats":{"minecraft:killed_by":{"minecraft:skeleton":1,"minecraft:creeper":1},"minecraft:dropped":{"minecraft:moss_carpet":17,"minecraft:moss_block":2,"minecraft:wheat_seeds":7,"minecraft:birch_sapling":7,"minecraft:oak_fence":2,"minecraft:clay_ball":87,"minecraft:rail":4,"minecraft:dirt":12,"minecraft:arrow":2,"minecraft:flowering_azalea":1,"minecraft:bone":1},"minecraft:broken":{"minecraft:stone_pickaxe":7,"minecraft:iron_shovel":2,"minecraft:iron_axe":1,"minecraft:stone_sword":1,"minecraft:wooden_axe":1,"minecraft:wooden_pickaxe":2},"minecraft:picked_up":{"minecraft:birch_log":422,"minecraft:feather":4,"minecraft:crafting_table":6,"minecraft:chicken":4,"minecraft:clay_ball":87,"minecraft:andesite":4,"minecraft:birch_planks":28,"minecraft:flint":3,"minecraft:tuff":10,"minecraft:lapis_lazuli":25,"minecraft:dirt":701,"minecraft:string":34,"minecraft:moss_carpet":18,"minecraft:bone":5,"minecraft:wheat_seeds":9,"minecraft:cobbled_deepslate":25,"minecraft:moss_block":8,"minecraft:chest":1,"minecraft:birch_sapling":15,"minecraft:oak_planks":2,"minecraft:flowering_azalea":1,"minecraft:stick":7,"minecraft:raw_iron":160,"minecraft:oak_fence":2,"minecraft:torch":10,"minecraft:gravel":17,"minecraft:porkchop":15,"minecraft:birch_stairs":16,"minecraft:diorite":1,"minecraft:white_bed":2,"minecraft:carrot":1,"minecraft:rotten_flesh":9,"minecraft:arrow":8,"minecraft:diamond":9,"minecraft:tropical_fish":1,"minecraft:granite":6,"minecraft:mutton":4,"minecraft:coal":139,"minecraft:white_wool":3,"minecraft:cobblestone":959},"minecraft:custom":{"minecraft:interact_with_furnace":13,"minecraft:mob_kills":40,"minecraft:interact_with_crafting_table":32,"minecraft:leave_game":8,"minecraft:time_since_death":15913,"minecraft:sleep_in_bed":2,"minecraft:climb_one_cm":2757,"minecraft:time_since_rest":12200,"minecraft:sprint_one_cm":511890,"minecraft:damage_taken":4695,"minecraft:walk_one_cm":443916,"minecraft:drop":26,"minecraft:damage_dealt":6127,"minecraft:swim_one_cm":6363,"minecraft:fly_one_cm":322825,"minecraft:open_chest":28,"minecraft:crouch_one_cm":53723,"minecraft:play_time":221134,"minecraft:deaths":4,"minecraft:sneak_time":21713,"minecraft:walk_under_water_one_cm":17908,"minecraft:jump":3336,"minecraft:walk_on_water_one_cm":28881,"minecraft:total_world_time":221134,"minecraft:fall_one_cm":86195},"minecraft:crafted":{"minecraft:cooked_porkchop":7,"minecraft:crafting_table":3,"minecraft:cooked_chicken":4,"minecraft:wooden_pickaxe":2,"minecraft:furnace":8,"minecraft:birch_planks":1688,"minecraft:air":0,"minecraft:iron_axe":4,"minecraft:ladder":57,"minecraft:stick":284,"minecraft:iron_ingot":29,"minecraft:iron_pickaxe":1,"minecraft:stone_pickaxe":13,"minecraft:wooden_axe":2,"minecraft:stone_sword":2,"minecraft:chest":8,"minecraft:iron_shovel":4,"minecraft:white_bed":1,"minecraft:torch":256,"minecraft:birch_stairs":44},"minecraft:mined":{"minecraft:birch_stairs":16,"minecraft:tuff":9,"minecraft:white_bed":2,"minecraft:deepslate_diamond_ore":9,"minecraft:clay":4,"minecraft:crafting_table":6,"minecraft:torch":1,"minecraft:granite":6,"minecraft:grass_block":64,"minecraft:chest":1,"minecraft:tall_grass":1,"minecraft:cobblestone":5,"minecraft:lapis_ore":4,"minecraft:moss_block":8,"minecraft:oak_planks":1,"minecraft:wall_torch":7,"minecraft:diorite":1,"minecraft:birch_planks":30,"minecraft:birch_log":423,"minecraft:iron_ore":81,"minecraft:fire":1,"minecraft:birch_leaves":27,"minecraft:andesite":4,"minecraft:moss_carpet":2,"minecraft:deepslate_lapis_ore":1,"minecraft:bee_nest":1,"minecraft:grass":12,"minecraft:dirt_path":1,"minecraft:coal_ore":139,"minecraft:cave_vines":1,"minecraft:deepslate_iron_ore":79,"minecraft:vine":3,"minecraft:gravel":22,"minecraft:dirt":641,"minecraft:cobweb":33,"minecraft:stone":953,"minecraft:oak_leaves":1,"minecraft:deepslate":19},"minecraft:used":{"minecraft:water_bucket":36,"minecraft:diorite":1,"minecraft:stone_sword":193,"minecraft:iron_shovel":695,"minecraft:birch_planks":873,"minecraft:tropical_fish":1,"minecraft:stone_pickaxe":1206,"minecraft:ladder":4,"minecraft:chest":9,"minecraft:wooden_pickaxe":118,"minecraft:cooked_chicken":3,"minecraft:cookie":1,"minecraft:torch":172,"minecraft:dirt":273,"minecraft:mutton":4,"minecraft:crafting_table":9,"minecraft:white_bed":3,"minecraft:tuff":8,"minecraft:wooden_axe":87,"minecraft:bread":65,"minecraft:iron_axe":452,"minecraft:iron_pickaxe":13,"minecraft:cobblestone":33,"minecraft:furnace":8,"minecraft:porkchop":8,"minecraft:bucket":36,"minecraft:cobbled_deepslate":24,"minecraft:birch_stairs":60},"minecraft:killed":{"minecraft:pig":8,"minecraft:spider":3,"minecraft:skeleton":4,"minecraft:sheep":3,"minecraft:zombie":16,"minecraft:chicken":4}},"DataVersion":3465}