{"stats":{"minecraft:mined":{"minecraft:furnace":1,"minecraft:blue_ice":1,"minecraft:spruce_log":5,"minecraft:birch_leaves":2,"minecraft:crafting_table":3,"minecraft:short_grass":5,"minecraft:coal_ore":19,"minecraft:grass_block":6,"minecraft:oak_log":12,"minecraft:dirt":9,"minecraft:packed_ice":5,"minecraft:spruce_leaves":1,"minecraft:stone":36,"minecraft:sugar_cane":3,"minecraft:oak_leaves":1},"minecraft:custom":{"minecraft:time_since_rest":32828,"minecraft:interact_with_furnace":16,"minecraft:sprint_one_cm":34626,"minecraft:damage_taken":657,"minecraft:walk_one_cm":46307,"minecraft:mob_kills":8,"minecraft:damage_dealt":1046,"minecraft:interact_with_crafting_table":7,"minecraft:swim_one_cm":154174,"minecraft:fly_one_cm":46989,"minecraft:open_chest":1,"minecraft:crouch_one_cm":400,"minecraft:play_time":32828,"minecraft:sneak_time":501,"minecraft:walk_under_water_one_cm":15495,"minecraft:boat_one_cm":45093,"minecraft:jump":312,"minecraft:time_since_death":32828,"minecraft:leave_game":3,"minecraft:walk_on_water_one_cm":56300,"minecraft:total_world_time":32828,"minecraft:fall_one_cm":5562},"minecraft:killed":{"minecraft:zombie":1,"minecraft:pig":3,"minecraft:cow":4},"minecraft:broken":{"minecraft:wooden_axe":1,"minecraft:wooden_pickaxe":1},"minecraft:used":{"minecraft:golden_boots":1,"minecraft:wooden_axe":41,"minecraft:wooden_pickaxe":59,"minecraft:stone_axe":15,"minecraft:dirt":11,"minecraft:beef":2,"minecraft:crafting_table":3,"minecraft:furnace":1,"minecraft:cooked_porkchop":2,"minecraft:oak_boat":2,"minecraft:cooked_beef":3,"minecraft:golden_chestplate":1,"minecraft:obsidian":1},"minecraft:crafted":{"minecraft:cooked_beef":6,"minecraft:oak_boat":1,"minecraft:oak_planks":48,"minecraft:cooked_porkchop":7,"minecraft:crafting_table":1,"minecraft:spruce_planks":16,"minecraft:stick":12,"minecraft:iron_ingot":2,"minecraft:wooden_pickaxe":1,"minecraft:stone_pickaxe":2,"minecraft:wooden_axe":1,"minecraft:furnace":1,"minecraft:stone_axe":2,"minecraft:air":0},"minecraft:picked_up":{"minecraft:crafting_table":3,"minecraft:leather":3,"minecraft:porkchop":7,"minecraft:oak_log":12,"minecraft:spruce_log":4,"minecraft:dirt":15,"minecraft:rotten_flesh":1,"minecraft:wheat_seeds":2,"minecraft:beef":8,"minecraft:oak_boat":2,"minecraft:birch_sapling":1,"minecraft:oak_sapling":1,"minecraft:sugar_cane":3,"minecraft:coal":19,"minecraft:cobblestone":36,"minecraft:furnace":1}},"DataVersion":3953}