{"stats":{"minecraft:custom":{"minecraft:mob_kills":44,"minecraft:interact_with_crafting_table":34,"minecraft:leave_game":11,"minecraft:time_since_death":65566,"minecraft:climb_one_cm":3475,"minecraft:sprint_one_cm":813774,"minecraft:walk_one_cm":646385,"minecraft:drop":36,"minecraft:talked_to_villager":1,"minecraft:play_time":340256,"minecraft:deaths":5,"minecraft:sneak_time":28412,"minecraft:walk_under_water_one_cm":31195,"minecraft:boat_one_cm":408060,"minecraft:jump":5305,"minecraft:walk_on_water_one_cm":47324,"minecraft:total_world_time":340256,"minecraft:interact_with_furnace":13,"minecraft:interact_with_cartography_table":1,"minecraft:sleep_in_bed":3,"minecraft:time_since_rest":181,"minecraft:damage_taken":6100,"minecraft:damage_dealt":6861,"minecraft:swim_one_cm":11330,"minecraft:fly_one_cm":617627,"minecraft:open_chest":42,"minecraft:crouch_one_cm":74248,"minecraft:fall_one_cm":135647},"minecraft:mined":{"minecraft:tuff":9,"minecraft:white_bed":10,"minecraft:deepslate_diamond_ore":9,"minecraft:oak_door":1,"minecraft:granite":17,"minecraft:grass_block":99,"minecraft:cartography_table":1,"minecraft:moss_block":8,"minecraft:hay_block":41,"minecraft:iron_ore":89,"minecraft:fire":1,"minecraft:andesite":8,"minecraft:moss_carpet":2,"minecraft:deepslate_lapis_ore":1,"minecraft:gold_block":1,"minecraft:bookshelf":8,"minecraft:dirt_path":2,"minecraft:vine":3,"minecraft:cave_vines":1,"minecraft:deepslate_iron_ore":79,"minecraft:stone":1612,"minecraft:birch_stairs":16,"minecraft:crafting_table":7,"minecraft:clay":4,"minecraft:torch":1,"minecraft:blast_furnace":1,"minecraft:chest":5,"minecraft:lectern":2,"minecraft:cobblestone":5,"minecraft:tall_grass":2,"minecraft:copper_ore":15,"minecraft:lapis_ore":4,"minecraft:oak_planks":1,"minecraft:sugar_cane":29,"minecraft:diorite":1,"minecraft:wall_torch":11,"minecraft:birch_planks":75,"minecraft:birch_log":643,"minecraft:birch_leaves":39,"minecraft:yellow_bed":3,"minecraft:bee_nest":1,"minecraft:grass":21,"minecraft:coal_ore":264,"minecraft:gravel":22,"minecraft:dirt":807,"minecraft:cobweb":33,"minecraft:red_mushroom_block":3,"minecraft:oak_leaves":1,"minecraft:deepslate":19},"minecraft:killed":{"minecraft:spider":4,"minecraft:skeleton":4,"minecraft:chicken":4,"minecraft:pig":8,"minecraft:sheep":3,"minecraft:zombie":17,"minecraft:enderman":1},"minecraft:picked_up":{"minecraft:crafting_table":7,"minecraft:azure_bluet":1,"minecraft:chicken":4,"minecraft:clay_ball":87,"minecraft:gold_block":1,"minecraft:raw_copper":52,"minecraft:string":35,"minecraft:moss_carpet":18,"minecraft:elytra":1,"minecraft:iron_axe":1,"minecraft:cartography_table":1,"minecraft:cobbled_deepslate":25,"minecraft:netherite_sword":1,"minecraft:lectern":2,"minecraft:sugar_cane":56,"minecraft:chest":5,"minecraft:birch_sapling":29,"minecraft:raw_iron":168,"minecraft:stick":14,"minecraft:oak_door":2,"minecraft:oak_fence":6,"minecraft:torch":15,"minecraft:porkchop":15,"minecraft:netherite_shovel":1,"minecraft:diorite":1,"minecraft:carrot":1,"minecraft:trident":1,"minecraft:netherite_pickaxe":1,"minecraft:arrow":8,"minecraft:rotten_flesh":13,"minecraft:tropical_fish":1,"minecraft:hay_block":41,"minecraft:netherite_chestplate":1,"minecraft:mutton":4,"minecraft:white_wool":3,"minecraft:cobblestone":1616,"minecraft:oxeye_daisy":1,"minecraft:birch_log":642,"minecraft:netherite_boots":1,"minecraft:feather":4,"minecraft:water_bucket":1,"minecraft:andesite":8,"minecraft:red_mushroom":2,"minecraft:birch_planks":73,"minecraft:flint":3,"minecraft:tuff":10,"minecraft:yellow_bed":3,"minecraft:netherite_leggings":1,"minecraft:lapis_lazuli":25,"minecraft:dirt":915,"minecraft:bone":5,"minecraft:wheat_seeds":12,"minecraft:netherite_axe":1,"minecraft:moss_block":8,"minecraft:oak_planks":2,"minecraft:flowering_azalea":1,"minecraft:book":24,"minecraft:birch_boat":9,"minecraft:dandelion":1,"minecraft:gravel":17,"minecraft:birch_stairs":16,"minecraft:blast_furnace":1,"minecraft:white_bed":10,"minecraft:grass_block":1,"minecraft:firework_rocket":64,"minecraft:diamond":9,"minecraft:netherite_helmet":1,"minecraft:granite":17,"minecraft:coal":264},"minecraft:dropped":{"minecraft:water_bucket":1,"minecraft:moss_block":2,"minecraft:wheat_seeds":8,"minecraft:oak_fence":2,"minecraft:cobblestone":9,"minecraft:rail":4,"minecraft:red_mushroom":1,"minecraft:dirt":103,"minecraft:flowering_azalea":1,"minecraft:iron_axe":1,"minecraft:bone":1,"minecraft:oak_door":1,"minecraft:moss_carpet":17,"minecraft:birch_sapling":27,"minecraft:clay_ball":87,"minecraft:arrow":2},"minecraft:crafted":{"minecraft:birch_boat":1,"minecraft:cooked_chicken":4,"minecraft:furnace":8,"minecraft:iron_axe":4,"minecraft:ladder":57,"minecraft:stone_pickaxe":13,"minecraft:chest":8,"minecraft:cooked_porkchop":7,"minecraft:crafting_table":4,"minecraft:wooden_pickaxe":2,"minecraft:birch_planks":1700,"minecraft:air":0,"minecraft:stick":284,"minecraft:iron_ingot":29,"minecraft:iron_pickaxe":5,"minecraft:wooden_axe":2,"minecraft:stone_sword":2,"minecraft:iron_shovel":4,"minecraft:gold_ingot":9,"minecraft:white_bed":1,"minecraft:torch":256,"minecraft:birch_stairs":44},"minecraft:used":{"minecraft:stone_sword":193,"minecraft:iron_shovel":890,"minecraft:tropical_fish":1,"minecraft:ladder":4,"minecraft:chest":12,"minecraft:cooked_chicken":4,"minecraft:torch":200,"minecraft:dirt":433,"minecraft:mutton":4,"minecraft:tuff":8,"minecraft:wooden_axe":87,"minecraft:grass_block":1,"minecraft:iron_axe":798,"minecraft:furnace":8,"minecraft:cobbled_deepslate":24,"minecraft:water_bucket":61,"minecraft:diorite":1,"minecraft:birch_planks":1462,"minecraft:stone_pickaxe":1620,"minecraft:birch_boat":9,"minecraft:wooden_pickaxe":118,"minecraft:sugar_cane":1,"minecraft:cookie":1,"minecraft:crafting_table":10,"minecraft:white_bed":5,"minecraft:bread":83,"minecraft:iron_pickaxe":427,"minecraft:cobblestone":34,"minecraft:porkchop":8,"minecraft:cooked_porkchop":6,"minecraft:andesite":4,"minecraft:bucket":61,"minecraft:birch_stairs":60},"minecraft:broken":{"minecraft:iron_shovel":2,"minecraft:stone_sword":1,"minecraft:wooden_pickaxe":2,"minecraft:stone_pickaxe":12,"minecraft:iron_axe":3,"minecraft:iron_pickaxe":1,"minecraft:wooden_axe":1},"minecraft:killed_by":{"minecraft:creeper":1,"minecraft:spider":1,"minecraft:skeleton":1}},"DataVersion":3465}