{"stats":{"minecraft:custom":{"minecraft:interact_with_furnace":8,"minecraft:mob_kills":30,"minecraft:interact_with_crafting_table":20,"minecraft:leave_game":6,"minecraft:time_since_death":45365,"minecraft:climb_one_cm":705,"minecraft:time_since_rest":45395,"minecraft:sprint_one_cm":391516,"minecraft:damage_taken":3725,"minecraft:walk_one_cm":270874,"minecraft:drop":25,"minecraft:damage_dealt":4839,"minecraft:swim_one_cm":3281,"minecraft:fly_one_cm":220601,"minecraft:open_chest":7,"minecraft:crouch_one_cm":33563,"minecraft:play_time":136816,"minecraft:deaths":3,"minecraft:sneak_time":12931,"minecraft:walk_under_water_one_cm":12406,"minecraft:jump":2224,"minecraft:walk_on_water_one_cm":21334,"minecraft:total_world_time":136816,"minecraft:fall_one_cm":60053},"minecraft:mined":{"minecraft:tuff":9,"minecraft:deepslate_diamond_ore":9,"minecraft:clay":4,"minecraft:crafting_table":5,"minecraft:torch":1,"minecraft:granite":1,"minecraft:grass_block":30,"minecraft:tall_grass":1,"minecraft:lapis_ore":4,"minecraft:moss_block":8,"minecraft:oak_planks":1,"minecraft:diorite":1,"minecraft:wall_torch":3,"minecraft:birch_planks":8,"minecraft:birch_log":110,"minecraft:iron_ore":77,"minecraft:birch_leaves":12,"minecraft:moss_carpet":2,"minecraft:deepslate_lapis_ore":1,"minecraft:grass":7,"minecraft:dirt_path":1,"minecraft:coal_ore":116,"minecraft:cave_vines":1,"minecraft:deepslate_iron_ore":79,"minecraft:vine":3,"minecraft:dirt":94,"minecraft:cobweb":33,"minecraft:stone":592,"minecraft:oak_leaves":1,"minecraft:deepslate":19},"minecraft:killed":{"minecraft:pig":4,"minecraft:spider":2,"minecraft:skeleton":4,"minecraft:sheep":3,"minecraft:zombie":15},"minecraft:picked_up":{"minecraft:birch_log":109,"minecraft:crafting_table":5,"minecraft:clay_ball":87,"minecraft:birch_planks":8,"minecraft:tuff":8,"minecraft:lapis_lazuli":25,"minecraft:string":34,"minecraft:dirt":124,"minecraft:moss_carpet":18,"minecraft:bone":5,"minecraft:wheat_seeds":8,"minecraft:cobbled_deepslate":24,"minecraft:moss_block":8,"minecraft:flowering_azalea":1,"minecraft:birch_sapling":9,"minecraft:oak_planks":2,"minecraft:stick":2,"minecraft:raw_iron":156,"minecraft:oak_fence":2,"minecraft:torch":7,"minecraft:porkchop":8,"minecraft:diorite":1,"minecraft:carrot":1,"minecraft:rotten_flesh":9,"minecraft:arrow":8,"minecraft:diamond":9,"minecraft:tropical_fish":1,"minecraft:granite":1,"minecraft:mutton":4,"minecraft:coal":116,"minecraft:white_wool":3,"minecraft:cobblestone":590},"minecraft:dropped":{"minecraft:moss_carpet":17,"minecraft:moss_block":2,"minecraft:wheat_seeds":7,"minecraft:birch_sapling":7,"minecraft:oak_fence":2,"minecraft:clay_ball":87,"minecraft:rail":4,"minecraft:dirt":1,"minecraft:arrow":2,"minecraft:flowering_azalea":1,"minecraft:bone":1},"minecraft:crafted":{"minecraft:crafting_table":2,"minecraft:wooden_pickaxe":2,"minecraft:furnace":1,"minecraft:birch_planks":436,"minecraft:air":0,"minecraft:iron_axe":1,"minecraft:stick":92,"minecraft:iron_ingot":29,"minecraft:iron_pickaxe":1,"minecraft:stone_pickaxe":13,"minecraft:wooden_axe":2,"minecraft:stone_sword":2,"minecraft:chest":2,"minecraft:iron_shovel":4,"minecraft:torch":156},"minecraft:used":{"minecraft:water_bucket":20,"minecraft:diorite":1,"minecraft:stone_sword":176,"minecraft:iron_shovel":118,"minecraft:birch_planks":288,"minecraft:stone_pickaxe":801,"minecraft:chest":2,"minecraft:wooden_pickaxe":118,"minecraft:cookie":1,"minecraft:torch":158,"minecraft:dirt":43,"minecraft:crafting_table":7,"minecraft:tuff":8,"minecraft:wooden_axe":87,"minecraft:iron_axe":73,"minecraft:bread":57,"minecraft:iron_pickaxe":13,"minecraft:cobblestone":31,"minecraft:furnace":1,"minecraft:bucket":19,"minecraft:cobbled_deepslate":24},"minecraft:broken":{"minecraft:stone_pickaxe":6,"minecraft:stone_sword":1,"minecraft:wooden_axe":1,"minecraft:wooden_pickaxe":2},"minecraft:killed_by":{"minecraft:creeper":1}},"DataVersion":3465}