{"stats":{"minecraft:mined":{"minecraft:grass_block":3,"minecraft:oak_log":12,"minecraft:dirt":2,"minecraft:packed_ice":5,"minecraft:blue_ice":1,"minecraft:spruce_log":5,"minecraft:spruce_leaves":1,"minecraft:crafting_table":2},"minecraft:custom":{"minecraft:time_since_rest":19998,"minecraft:open_chest":1,"minecraft:crouch_one_cm":364,"minecraft:sprint_one_cm":20656,"minecraft:play_time":19998,"minecraft:damage_taken":195,"minecraft:walk_one_cm":9028,"minecraft:sneak_time":442,"minecraft:walk_under_water_one_cm":15495,"minecraft:boat_one_cm":10789,"minecraft:jump":158,"minecraft:leave_game":2,"minecraft:walk_on_water_one_cm":55927,"minecraft:time_since_death":19998,"minecraft:total_world_time":19998,"minecraft:swim_one_cm":154174,"minecraft:interact_with_crafting_table":5,"minecraft:fall_one_cm":2713,"minecraft:fly_one_cm":31583},"minecraft:crafted":{"minecraft:oak_boat":1,"minecraft:oak_planks":48,"minecraft:crafting_table":1,"minecraft:spruce_planks":16,"minecraft:stick":4,"minecraft:wooden_pickaxe":1,"minecraft:iron_ingot":2,"minecraft:wooden_axe":1},"minecraft:used":{"minecraft:golden_boots":1,"minecraft:wooden_axe":14,"minecraft:dirt":5,"minecraft:crafting_table":2,"minecraft:oak_boat":1,"minecraft:golden_chestplate":1},"minecraft:picked_up":{"minecraft:crafting_table":2,"minecraft:oak_log":12,"minecraft:spruce_log":4,"minecraft:oak_sapling":1,"minecraft:dirt":5}},"DataVersion":3953}