{"stats":{"minecraft:custom":{"minecraft:mob_kills":41,"minecraft:interact_with_crafting_table":34,"minecraft:leave_game":9,"minecraft:time_since_death":17914,"minecraft:climb_one_cm":2757,"minecraft:sprint_one_cm":679243,"minecraft:walk_one_cm":604355,"minecraft:drop":31,"minecraft:play_time":292604,"minecraft:deaths":5,"minecraft:sneak_time":27765,"minecraft:walk_under_water_one_cm":24163,"minecraft:boat_one_cm":39645,"minecraft:jump":4475,"minecraft:walk_on_water_one_cm":40247,"minecraft:total_world_time":292604,"minecraft:interact_with_furnace":13,"minecraft:sleep_in_bed":2,"minecraft:time_since_rest":18008,"minecraft:damage_taken":5590,"minecraft:damage_dealt":6137,"minecraft:swim_one_cm":9030,"minecraft:fly_one_cm":445240,"minecraft:open_chest":36,"minecraft:crouch_one_cm":72500,"minecraft:fall_one_cm":109019},"minecraft:mined":{"minecraft:tuff":9,"minecraft:white_bed":3,"minecraft:deepslate_diamond_ore":9,"minecraft:granite":17,"minecraft:grass_block":98,"minecraft:moss_block":8,"minecraft:iron_ore":84,"minecraft:fire":1,"minecraft:andesite":4,"minecraft:moss_carpet":2,"minecraft:deepslate_lapis_ore":1,"minecraft:dirt_path":2,"minecraft:vine":3,"minecraft:cave_vines":1,"minecraft:deepslate_iron_ore":79,"minecraft:stone":1611,"minecraft:birch_stairs":16,"minecraft:crafting_table":7,"minecraft:clay":4,"minecraft:torch":1,"minecraft:chest":5,"minecraft:cobblestone":5,"minecraft:copper_ore":15,"minecraft:tall_grass":1,"minecraft:lapis_ore":4,"minecraft:sugar_cane":17,"minecraft:oak_planks":1,"minecraft:diorite":1,"minecraft:wall_torch":11,"minecraft:birch_planks":75,"minecraft:birch_log":610,"minecraft:birch_leaves":37,"minecraft:bee_nest":1,"minecraft:grass":17,"minecraft:coal_ore":234,"minecraft:gravel":22,"minecraft:dirt":803,"minecraft:cobweb":33,"minecraft:oak_leaves":1,"minecraft:deepslate":19},"minecraft:killed":{"minecraft:spider":3,"minecraft:skeleton":4,"minecraft:chicken":4,"minecraft:pig":8,"minecraft:sheep":3,"minecraft:zombie":17},"minecraft:picked_up":{"minecraft:crafting_table":7,"minecraft:chicken":4,"minecraft:clay_ball":87,"minecraft:raw_copper":52,"minecraft:string":34,"minecraft:moss_carpet":18,"minecraft:elytra":1,"minecraft:cobbled_deepslate":25,"minecraft:netherite_sword":1,"minecraft:sugar_cane":35,"minecraft:chest":5,"minecraft:birch_sapling":29,"minecraft:raw_iron":163,"minecraft:stick":14,"minecraft:oak_fence":2,"minecraft:torch":15,"minecraft:porkchop":15,"minecraft:netherite_shovel":1,"minecraft:diorite":1,"minecraft:carrot":1,"minecraft:trident":1,"minecraft:netherite_pickaxe":1,"minecraft:arrow":8,"minecraft:rotten_flesh":12,"minecraft:tropical_fish":1,"minecraft:netherite_chestplate":1,"minecraft:mutton":4,"minecraft:white_wool":3,"minecraft:cobblestone":1615,"minecraft:birch_log":608,"minecraft:netherite_boots":1,"minecraft:feather":4,"minecraft:water_bucket":1,"minecraft:andesite":4,"minecraft:birch_planks":73,"minecraft:flint":3,"minecraft:tuff":10,"minecraft:netherite_leggings":1,"minecraft:lapis_lazuli":25,"minecraft:dirt":897,"minecraft:bone":5,"minecraft:wheat_seeds":11,"minecraft:netherite_axe":1,"minecraft:moss_block":8,"minecraft:oak_planks":2,"minecraft:flowering_azalea":1,"minecraft:birch_boat":2,"minecraft:gravel":17,"minecraft:birch_stairs":16,"minecraft:white_bed":3,"minecraft:firework_rocket":64,"minecraft:diamond":9,"minecraft:netherite_helmet":1,"minecraft:granite":17,"minecraft:coal":234},"minecraft:dropped":{"minecraft:water_bucket":1,"minecraft:moss_block":2,"minecraft:wheat_seeds":7,"minecraft:oak_fence":2,"minecraft:cobblestone":9,"minecraft:rail":4,"minecraft:dirt":102,"minecraft:flowering_azalea":1,"minecraft:bone":1,"minecraft:moss_carpet":17,"minecraft:birch_sapling":27,"minecraft:clay_ball":87,"minecraft:arrow":2},"minecraft:crafted":{"minecraft:birch_boat":1,"minecraft:cooked_chicken":4,"minecraft:furnace":8,"minecraft:iron_axe":4,"minecraft:ladder":57,"minecraft:stone_pickaxe":13,"minecraft:chest":8,"minecraft:cooked_porkchop":7,"minecraft:crafting_table":4,"minecraft:wooden_pickaxe":2,"minecraft:birch_planks":1700,"minecraft:air":0,"minecraft:stick":284,"minecraft:iron_ingot":29,"minecraft:iron_pickaxe":5,"minecraft:wooden_axe":2,"minecraft:stone_sword":2,"minecraft:iron_shovel":4,"minecraft:white_bed":1,"minecraft:torch":256,"minecraft:birch_stairs":44},"minecraft:used":{"minecraft:stone_sword":193,"minecraft:iron_shovel":885,"minecraft:tropical_fish":1,"minecraft:ladder":4,"minecraft:chest":10,"minecraft:cooked_chicken":4,"minecraft:torch":187,"minecraft:dirt":430,"minecraft:mutton":4,"minecraft:tuff":8,"minecraft:wooden_axe":87,"minecraft:iron_axe":704,"minecraft:furnace":8,"minecraft:cobbled_deepslate":24,"minecraft:water_bucket":40,"minecraft:diorite":1,"minecraft:birch_planks":1462,"minecraft:stone_pickaxe":1620,"minecraft:birch_boat":3,"minecraft:wooden_pickaxe":118,"minecraft:sugar_cane":1,"minecraft:cookie":1,"minecraft:crafting_table":10,"minecraft:white_bed":3,"minecraft:bread":70,"minecraft:iron_pickaxe":385,"minecraft:cobblestone":33,"minecraft:porkchop":8,"minecraft:cooked_porkchop":6,"minecraft:bucket":40,"minecraft:birch_stairs":60},"minecraft:broken":{"minecraft:iron_shovel":2,"minecraft:stone_sword":1,"minecraft:wooden_pickaxe":2,"minecraft:stone_pickaxe":12,"minecraft:iron_axe":2,"minecraft:iron_pickaxe":1,"minecraft:wooden_axe":1},"minecraft:killed_by":{"minecraft:creeper":1,"minecraft:spider":1,"minecraft:skeleton":1}},"DataVersion":3465}