{"stats":{"minecraft:killed_by":{"minecraft:creeper":2,"minecraft:spider":2,"minecraft:skeleton":1},"minecraft:dropped":{"minecraft:water_bucket":1,"minecraft:moss_block":2,"minecraft:wheat_seeds":8,"minecraft:oak_fence":6,"minecraft:cobblestone":138,"minecraft:rail":4,"minecraft:red_mushroom":1,"minecraft:red_carpet":1,"minecraft:dirt":123,"minecraft:diorite":4,"minecraft:flowering_azalea":1,"minecraft:iron_axe":1,"minecraft:bone":1,"minecraft:oak_door":2,"minecraft:moss_carpet":17,"minecraft:kelp":13,"minecraft:sugar_cane":20,"minecraft:wheat":6,"minecraft:birch_sapling":27,"minecraft:rotten_flesh":2,"minecraft:clay_ball":87,"minecraft:spruce_planks":64,"minecraft:andesite":1,"minecraft:stone_bricks":8,"minecraft:iron_bars":1,"minecraft:arrow":2},"minecraft:broken":{"minecraft:iron_shovel":4,"minecraft:stone_sword":1,"minecraft:wooden_pickaxe":2,"minecraft:stone_pickaxe":12,"minecraft:iron_axe":3,"minecraft:iron_pickaxe":2,"minecraft:wooden_axe":1},"minecraft:picked_up":{"minecraft:crafting_table":7,"minecraft:clay_ball":87,"minecraft:wheat":6,"minecraft:azure_bluet":1,"minecraft:splash_potion":1,"minecraft:chicken":4,"minecraft:flower_pot":1,"minecraft:gold_block":1,"minecraft:brewing_stand":2,"minecraft:elytra":2,"minecraft:string":35,"minecraft:oak_trapdoor":1,"minecraft:red_bed":1,"minecraft:moss_carpet":18,"minecraft:raw_copper":73,"minecraft:iron_axe":1,"minecraft:white_carpet":9,"minecraft:cartography_table":1,"minecraft:black_shulker_box":1,"minecraft:cobbled_deepslate":25,"minecraft:netherite_sword":2,"minecraft:spruce_planks":18,"minecraft:lectern":3,"minecraft:sugar_cane":109,"minecraft:chest":10,"minecraft:birch_sapling":29,"minecraft:stick":14,"minecraft:raw_iron":197,"minecraft:oak_door":4,"minecraft:oak_fence":12,"minecraft:torch":18,"minecraft:porkchop":15,"minecraft:netherite_shovel":2,"minecraft:diorite":5,"minecraft:trident":2,"minecraft:carrot":1,"minecraft:netherite_pickaxe":2,"minecraft:cauldron":1,"minecraft:cactus":1,"minecraft:arrow":8,"minecraft:rotten_flesh":15,"minecraft:tropical_fish":1,"minecraft:hay_block":41,"minecraft:netherite_chestplate":2,"minecraft:mutton":4,"minecraft:iron_bars":2,"minecraft:snowball":65,"minecraft:white_wool":3,"minecraft:cobblestone":1749,"minecraft:oxeye_daisy":1,"minecraft:birch_log":643,"minecraft:netherite_boots":2,"minecraft:feather":4,"minecraft:water_bucket":1,"minecraft:andesite":9,"minecraft:dark_oak_boat":10,"minecraft:red_mushroom":2,"minecraft:birch_planks":77,"minecraft:flint":3,"minecraft:tuff":10,"minecraft:yellow_bed":3,"minecraft:lapis_lazuli":25,"minecraft:netherite_leggings":2,"minecraft:dirt":995,"minecraft:red_carpet":3,"minecraft:bone":5,"minecraft:stone_bricks":18,"minecraft:kelp":13,"minecraft:wheat_seeds":12,"minecraft:netherite_axe":2,"minecraft:moss_block":8,"minecraft:oak_planks":2,"minecraft:flowering_azalea":1,"minecraft:dark_oak_stairs":3,"minecraft:book":215,"minecraft:birch_boat":9,"minecraft:dandelion":1,"minecraft:gravel":17,"minecraft:birch_stairs":16,"minecraft:blast_furnace":1,"minecraft:spruce_log":60,"minecraft:white_bed":12,"minecraft:grass_block":1,"minecraft:dark_oak_log":6,"minecraft:firework_rocket":128,"minecraft:diamond":9,"minecraft:netherite_helmet":2,"minecraft:granite":17,"minecraft:coal":287,"minecraft:ender_pearl":80},"minecraft:custom":{"minecraft:mob_kills":45,"minecraft:interact_with_crafting_table":43,"minecraft:open_shulker_box":1,"minecraft:leave_game":13,"minecraft:time_since_death":27946,"minecraft:climb_one_cm":3889,"minecraft:sprint_one_cm":982571,"minecraft:walk_one_cm":755747,"minecraft:drop":55,"minecraft:talked_to_villager":24,"minecraft:play_time":414865,"minecraft:deaths":8,"minecraft:sneak_time":30668,"minecraft:walk_under_water_one_cm":86710,"minecraft:boat_one_cm":917955,"minecraft:jump":6581,"minecraft:interact_with_blast_furnace":5,"minecraft:walk_on_water_one_cm":65355,"minecraft:total_world_time":414865,"minecraft:interact_with_furnace":13,"minecraft:interact_with_cartography_table":1,"minecraft:sleep_in_bed":5,"minecraft:time_since_rest":28015,"minecraft:damage_taken":7475,"minecraft:damage_dealt":7092,"minecraft:swim_one_cm":100633,"minecraft:fly_one_cm":822837,"minecraft:open_chest":96,"minecraft:crouch_one_cm":78869,"minecraft:aviate_one_cm":184707,"minecraft:fall_one_cm":164716},"minecraft:crafted":{"minecraft:dark_oak_boat":1,"minecraft:cooked_chicken":4,"minecraft:birch_boat":1,"minecraft:furnace":8,"minecraft:iron_axe":4,"minecraft:ladder":57,"minecraft:stone_pickaxe":13,"minecraft:chest":28,"minecraft:dark_oak_planks":24,"minecraft:cooked_porkchop":7,"minecraft:dark_oak_stairs":8,"minecraft:crafting_table":6,"minecraft:spruce_planks":240,"minecraft:wooden_pickaxe":2,"minecraft:bucket":1,"minecraft:birch_planks":1704,"minecraft:air":0,"minecraft:stick":284,"minecraft:iron_ingot":36,"minecraft:iron_pickaxe":5,"minecraft:wooden_axe":2,"minecraft:stone_sword":2,"minecraft:iron_shovel":4,"minecraft:gold_ingot":9,"minecraft:white_bed":1,"minecraft:torch":256,"minecraft:birch_stairs":44},"minecraft:mined":{"minecraft:black_shulker_box":1,"minecraft:tuff":9,"minecraft:red_carpet":2,"minecraft:spruce_planks":4,"minecraft:white_bed":12,"minecraft:deepslate_diamond_ore":9,"minecraft:oak_door":2,"minecraft:dark_oak_log":6,"minecraft:potted_cactus":1,"minecraft:brewing_stand":2,"minecraft:granite":17,"minecraft:grass_block":112,"minecraft:cartography_table":1,"minecraft:moss_block":8,"minecraft:hay_block":41,"minecraft:oak_trapdoor":1,"minecraft:iron_ore":119,"minecraft:fire":1,"minecraft:snow":72,"minecraft:andesite":10,"minecraft:moss_carpet":2,"minecraft:deepslate_lapis_ore":1,"minecraft:dark_oak_stairs":3,"minecraft:gold_block":1,"minecraft:vine":3,"minecraft:water_cauldron":1,"minecraft:bookshelf":8,"minecraft:deepslate_iron_ore":79,"minecraft:cave_vines":1,"minecraft:dirt_path":2,"minecraft:iron_bars":2,"minecraft:stone":1680,"minecraft:birch_stairs":16,"minecraft:red_bed":1,"minecraft:infested_stone_bricks":1,"minecraft:clay":4,"minecraft:oak_fence":2,"minecraft:crafting_table":7,"minecraft:torch":1,"minecraft:blast_furnace":1,"minecraft:chest":10,"minecraft:lectern":3,"minecraft:copper_ore":20,"minecraft:tall_grass":2,"minecraft:cobblestone":5,"minecraft:lapis_ore":4,"minecraft:oak_planks":1,"minecraft:sugar_cane":43,"minecraft:diorite":3,"minecraft:wall_torch":12,"minecraft:birch_planks":80,"minecraft:birch_log":644,"minecraft:white_carpet":9,"minecraft:birch_leaves":39,"minecraft:yellow_bed":3,"minecraft:bee_nest":2,"minecraft:grass":24,"minecraft:coal_ore":287,"minecraft:gravel":22,"minecraft:dirt":859,"minecraft:cobweb":33,"minecraft:red_mushroom_block":3,"minecraft:stone_bricks":11,"minecraft:oak_leaves":1,"minecraft:deepslate":19},"minecraft:used":{"minecraft:oak_fence":2,"minecraft:trident":30,"minecraft:stone_sword":193,"minecraft:iron_shovel":1000,"minecraft:tropical_fish":1,"minecraft:ladder":4,"minecraft:chest":36,"minecraft:spruce_planks":6,"minecraft:cooked_chicken":4,"minecraft:oak_door":1,"minecraft:torch":203,"minecraft:brewing_stand":2,"minecraft:dirt":506,"minecraft:mutton":4,"minecraft:white_carpet":9,"minecraft:tuff":8,"minecraft:snowball":1,"minecraft:wooden_axe":87,"minecraft:dark_oak_planks":3,"minecraft:netherite_shovel":7,"minecraft:grass_block":1,"minecraft:iron_axe":835,"minecraft:stone_bricks":8,"minecraft:red_carpet":1,"minecraft:dark_oak_boat":11,"minecraft:furnace":8,"minecraft:cobbled_deepslate":24,"minecraft:dark_oak_stairs":11,"minecraft:water_bucket":82,"minecraft:diorite":1,"minecraft:birch_planks":1466,"minecraft:stone_pickaxe":1620,"minecraft:cartography_table":1,"minecraft:wooden_pickaxe":118,"minecraft:birch_boat":9,"minecraft:black_shulker_box":1,"minecraft:cauldron":1,"minecraft:sugar_cane":1,"minecraft:cookie":1,"minecraft:crafting_table":12,"minecraft:blast_furnace":1,"minecraft:white_bed":13,"minecraft:bread":102,"minecraft:iron_pickaxe":578,"minecraft:lectern":1,"minecraft:cobblestone":34,"minecraft:porkchop":8,"minecraft:cooked_porkchop":6,"minecraft:bucket":83,"minecraft:andesite":4,"minecraft:yellow_bed":3,"minecraft:splash_potion":1,"minecraft:birch_stairs":60},"minecraft:killed":{"minecraft:spider":4,"minecraft:skeleton":4,"minecraft:chicken":4,"minecraft:pig":8,"minecraft:sheep":3,"minecraft:zombie":18,"minecraft:enderman":1}},"DataVersion":3465}