{"stats":{"minecraft:killed":{"minecraft:pig":3,"minecraft:sheep":7,"minecraft:zombie":1,"minecraft:chicken":3,"minecraft:cow":6},"minecraft:killed_by":{"minecraft:spider":1,"minecraft:zombie":1},"minecraft:used":{"minecraft:golden_boots":1,"minecraft:stone_pickaxe":32,"minecraft:wooden_pickaxe":116,"minecraft:dirt":20,"minecraft:mutton":7,"minecraft:crafting_table":7,"minecraft:golden_chestplate":1,"minecraft:obsidian":1,"minecraft:wooden_axe":106,"minecraft:melon_slice":7,"minecraft:stone_axe":27,"minecraft:beef":8,"minecraft:furnace":2,"minecraft:porkchop":4,"minecraft:cooked_porkchop":2,"minecraft:andesite":1,"minecraft:oak_boat":14,"minecraft:cooked_beef":5},"minecraft:picked_up":{"minecraft:cocoa_beans":32,"minecraft:crafting_table":7,"minecraft:feather":2,"minecraft:chicken":3,"minecraft:andesite":1,"minecraft:jungle_log":2,"minecraft:leather":5,"minecraft:oak_log":30,"minecraft:dirt":26,"minecraft:kelp":7,"minecraft:wheat_seeds":10,"minecraft:light_weighted_pressure_plate":1,"minecraft:beef":14,"minecraft:oak_boat":14,"minecraft:melon_slice":12,"minecraft:sugar_cane":21,"minecraft:birch_sapling":1,"minecraft:acacia_sapling":1,"minecraft:furnace":2,"minecraft:stick":4,"minecraft:raw_iron":3,"minecraft:acacia_log":6,"minecraft:porkchop":11,"minecraft:spruce_log":4,"minecraft:rotten_flesh":2,"minecraft:oak_sapling":2,"minecraft:mutton":8,"minecraft:coal":61,"minecraft:white_wool":6,"minecraft:cobblestone":73},"minecraft:custom":{"minecraft:interact_with_furnace":18,"minecraft:mob_kills":20,"minecraft:interact_with_crafting_table":14,"minecraft:leave_game":7,"minecraft:time_since_death":14115,"minecraft:climb_one_cm":1661,"minecraft:time_since_rest":14164,"minecraft:sprint_one_cm":170408,"minecraft:damage_taken":1419,"minecraft:walk_one_cm":109869,"minecraft:drop":5,"minecraft:damage_dealt":2297,"minecraft:swim_one_cm":162887,"minecraft:fly_one_cm":332902,"minecraft:open_chest":1,"minecraft:crouch_one_cm":3980,"minecraft:play_time":101534,"minecraft:deaths":2,"minecraft:sneak_time":1920,"minecraft:walk_under_water_one_cm":31134,"minecraft:boat_one_cm":895171,"minecraft:jump":1517,"minecraft:walk_on_water_one_cm":67124,"minecraft:total_world_time":101534,"minecraft:fall_one_cm":38850},"minecraft:dropped":{"minecraft:kelp":7,"minecraft:rotten_flesh":1,"minecraft:dirt":1,"minecraft:jungle_log":1},"minecraft:mined":{"minecraft:acacia_leaves":1,"minecraft:crafting_table":8,"minecraft:short_grass":85,"minecraft:acacia_log":7,"minecraft:grass_block":15,"minecraft:melon":3,"minecraft:jungle_log":1,"minecraft:dead_bush":1,"minecraft:tall_grass":25,"minecraft:spruce_leaves":1,"minecraft:sugar_cane":13,"minecraft:furnace":2,"minecraft:iron_ore":3,"minecraft:blue_ice":1,"minecraft:spruce_log":5,"minecraft:andesite":1,"minecraft:birch_leaves":2,"minecraft:oak_log":32,"minecraft:coal_ore":62,"minecraft:cocoa":12,"minecraft:dirt":12,"minecraft:packed_ice":5,"minecraft:stone":74,"minecraft:oak_leaves":17,"minecraft:fern":6},"minecraft:crafted":{"minecraft:cooked_beef":6,"minecraft:oak_planks":120,"minecraft:cooked_porkchop":7,"minecraft:crafting_table":2,"minecraft:spruce_planks":16,"minecraft:wooden_pickaxe":4,"minecraft:furnace":2,"minecraft:stone_axe":6,"minecraft:air":0,"minecraft:jungle_planks":4,"minecraft:oak_boat":2,"minecraft:stick":52,"minecraft:iron_ingot":5,"minecraft:stone_pickaxe":7,"minecraft:wooden_axe":4,"minecraft:acacia_planks":24},"minecraft:broken":{"minecraft:wooden_axe":2,"minecraft:wooden_pickaxe":1}},"DataVersion":3953}