{"stats":{"minecraft:custom":{"minecraft:interact_with_furnace":13,"minecraft:mob_kills":40,"minecraft:interact_with_crafting_table":33,"minecraft:leave_game":8,"minecraft:time_since_death":57913,"minecraft:sleep_in_bed":2,"minecraft:climb_one_cm":2757,"minecraft:time_since_rest":54200,"minecraft:sprint_one_cm":578387,"minecraft:damage_taken":4775,"minecraft:walk_one_cm":564083,"minecraft:drop":26,"minecraft:damage_dealt":6127,"minecraft:swim_one_cm":6363,"minecraft:fly_one_cm":346890,"minecraft:open_chest":36,"minecraft:crouch_one_cm":69091,"minecraft:sneak_time":26117,"minecraft:play_time":263134,"minecraft:deaths":4,"minecraft:walk_under_water_one_cm":17908,"minecraft:jump":3753,"minecraft:walk_on_water_one_cm":28881,"minecraft:total_world_time":263134,"minecraft:fall_one_cm":94641},"minecraft:mined":{"minecraft:birch_stairs":16,"minecraft:tuff":9,"minecraft:white_bed":3,"minecraft:deepslate_diamond_ore":9,"minecraft:clay":4,"minecraft:crafting_table":6,"minecraft:torch":1,"minecraft:granite":17,"minecraft:grass_block":98,"minecraft:chest":5,"minecraft:copper_ore":15,"minecraft:tall_grass":1,"minecraft:cobblestone":5,"minecraft:lapis_ore":4,"minecraft:moss_block":8,"minecraft:oak_planks":1,"minecraft:wall_torch":11,"minecraft:diorite":1,"minecraft:birch_planks":75,"minecraft:birch_log":462,"minecraft:iron_ore":81,"minecraft:fire":1,"minecraft:birch_leaves":29,"minecraft:andesite":4,"minecraft:moss_carpet":2,"minecraft:deepslate_lapis_ore":1,"minecraft:bee_nest":1,"minecraft:grass":12,"minecraft:coal_ore":181,"minecraft:cave_vines":1,"minecraft:deepslate_iron_ore":79,"minecraft:vine":3,"minecraft:dirt_path":2,"minecraft:gravel":22,"minecraft:dirt":791,"minecraft:cobweb":33,"minecraft:stone":1600,"minecraft:oak_leaves":1,"minecraft:deepslate":19},"minecraft:killed":{"minecraft:pig":8,"minecraft:spider":3,"minecraft:skeleton":4,"minecraft:sheep":3,"minecraft:zombie":16,"minecraft:chicken":4},"minecraft:picked_up":{"minecraft:birch_log":461,"minecraft:netherite_boots":1,"minecraft:crafting_table":6,"minecraft:feather":4,"minecraft:chicken":4,"minecraft:clay_ball":87,"minecraft:andesite":4,"minecraft:birch_planks":73,"minecraft:flint":3,"minecraft:tuff":10,"minecraft:raw_copper":52,"minecraft:elytra":1,"minecraft:netherite_leggings":1,"minecraft:lapis_lazuli":25,"minecraft:dirt":886,"minecraft:string":34,"minecraft:moss_carpet":18,"minecraft:bone":5,"minecraft:wheat_seeds":9,"minecraft:cobbled_deepslate":25,"minecraft:netherite_sword":1,"minecraft:netherite_axe":1,"minecraft:moss_block":8,"minecraft:chest":5,"minecraft:birch_sapling":15,"minecraft:oak_planks":2,"minecraft:flowering_azalea":1,"minecraft:stick":7,"minecraft:raw_iron":160,"minecraft:oak_fence":2,"minecraft:torch":15,"minecraft:gravel":17,"minecraft:porkchop":15,"minecraft:birch_stairs":16,"minecraft:netherite_shovel":1,"minecraft:trident":1,"minecraft:diorite":1,"minecraft:white_bed":3,"minecraft:carrot":1,"minecraft:netherite_pickaxe":1,"minecraft:firework_rocket":64,"minecraft:rotten_flesh":9,"minecraft:arrow":8,"minecraft:diamond":9,"minecraft:tropical_fish":1,"minecraft:netherite_helmet":1,"minecraft:granite":17,"minecraft:netherite_chestplate":1,"minecraft:mutton":4,"minecraft:coal":181,"minecraft:white_wool":3,"minecraft:cobblestone":1604},"minecraft:dropped":{"minecraft:moss_carpet":17,"minecraft:moss_block":2,"minecraft:wheat_seeds":7,"minecraft:birch_sapling":7,"minecraft:oak_fence":2,"minecraft:clay_ball":87,"minecraft:rail":4,"minecraft:dirt":12,"minecraft:arrow":2,"minecraft:flowering_azalea":1,"minecraft:bone":1},"minecraft:crafted":{"minecraft:cooked_porkchop":7,"minecraft:crafting_table":3,"minecraft:cooked_chicken":4,"minecraft:wooden_pickaxe":2,"minecraft:furnace":8,"minecraft:birch_planks":1688,"minecraft:air":0,"minecraft:iron_axe":4,"minecraft:ladder":57,"minecraft:stick":284,"minecraft:iron_ingot":29,"minecraft:iron_pickaxe":5,"minecraft:stone_pickaxe":13,"minecraft:wooden_axe":2,"minecraft:stone_sword":2,"minecraft:chest":8,"minecraft:iron_shovel":4,"minecraft:white_bed":1,"minecraft:torch":256,"minecraft:birch_stairs":44},"minecraft:used":{"minecraft:water_bucket":36,"minecraft:diorite":1,"minecraft:stone_sword":193,"minecraft:iron_shovel":875,"minecraft:birch_planks":1462,"minecraft:tropical_fish":1,"minecraft:stone_pickaxe":1620,"minecraft:ladder":4,"minecraft:chest":10,"minecraft:wooden_pickaxe":118,"minecraft:cooked_chicken":4,"minecraft:cookie":1,"minecraft:torch":178,"minecraft:dirt":379,"minecraft:mutton":4,"minecraft:crafting_table":9,"minecraft:white_bed":3,"minecraft:tuff":8,"minecraft:wooden_axe":87,"minecraft:iron_axe":543,"minecraft:bread":65,"minecraft:iron_pickaxe":317,"minecraft:cobblestone":33,"minecraft:cooked_porkchop":1,"minecraft:furnace":8,"minecraft:porkchop":8,"minecraft:bucket":36,"minecraft:cobbled_deepslate":24,"minecraft:birch_stairs":60},"minecraft:broken":{"minecraft:stone_pickaxe":12,"minecraft:iron_shovel":2,"minecraft:iron_axe":2,"minecraft:stone_sword":1,"minecraft:iron_pickaxe":1,"minecraft:wooden_axe":1,"minecraft:wooden_pickaxe":2},"minecraft:killed_by":{"minecraft:skeleton":1,"minecraft:creeper":1}},"DataVersion":3465}