{"stats":{"minecraft:dropped":{"minecraft:iron_sword":2,"minecraft:soul_sand":82,"minecraft:porkchop":15,"minecraft:ender_pearl":388,"minecraft:crossbow":1,"minecraft:cracked_stone_bricks":3,"minecraft:elytra":1,"minecraft:cracked_polished_blackstone_bricks":14,"minecraft:dirt":10,"minecraft:mutton":7,"minecraft:netherite_boots":1,"minecraft:polished_blackstone_bricks":2,"minecraft:iron_pickaxe":1,"minecraft:gold_ingot":126,"minecraft:gravel":185,"minecraft:stone_axe":1,"minecraft:blackstone":13,"minecraft:nether_brick":19,"minecraft:netherite_sword":1,"minecraft:wheat":4,"minecraft:rotten_flesh":11,"minecraft:netherite_shovel":1,"minecraft:nether_brick_fence":1,"minecraft:white_bed":1,"minecraft:poppy":4,"minecraft:trident":1,"minecraft:gunpowder":2,"minecraft:melon_seeds":12,"minecraft:birch_door":3,"minecraft:acacia_sapling":6,"minecraft:spruce_slab":1,"minecraft:basalt":2,"minecraft:arrow":2,"minecraft:crying_obsidian":12,"minecraft:quartz":44,"minecraft:oak_leaves":2,"minecraft:netherrack":7,"minecraft:iron_ingot":1,"minecraft:firework_rocket":64,"minecraft:enchanted_book":2,"minecraft:bread":20,"minecraft:netherite_pickaxe":1,"minecraft:birch_leaves":9,"minecraft:wheat_seeds":35,"minecraft:golden_helmet":1,"minecraft:book":191,"minecraft:netherite_helmet":1,"minecraft:netherite_axe":1,"minecraft:netherite_chestplate":1,"minecraft:oak_fence":1,"minecraft:cobblestone":2,"minecraft:iron_helmet":2,"minecraft:spectral_arrow":53,"minecraft:granite":2,"minecraft:acacia_log":27,"minecraft:stick":12,"minecraft:gray_wool":1,"minecraft:torch":2,"minecraft:iron_door":1,"minecraft:potion":2,"minecraft:fire_charge":8,"minecraft:iron_leggings":3,"minecraft:string":16,"minecraft:stone_brick_slab":2,"minecraft:soul_soil":3,"minecraft:cocoa_beans":20,"minecraft:tuff":6,"minecraft:iron_boots":3,"minecraft:stone_slab":5,"minecraft:name_tag":1,"minecraft:nether_bricks":38,"minecraft:netherite_leggings":1,"minecraft:cobblestone_slab":3,"minecraft:shield":2,"minecraft:iron_chestplate":1,"minecraft:mossy_stone_bricks":1,"minecraft:oak_sapling":3,"minecraft:spruce_log":60,"minecraft:birch_boat":1,"minecraft:bow":1,"minecraft:stone_pickaxe":1,"minecraft:wooden_pickaxe":1,"minecraft:black_wool":1},"minecraft:broken":{"minecraft:shears":4,"minecraft:iron_sword":1},"minecraft:picked_up":{"minecraft:shulker_shell":18,"minecraft:birch_door":17,"minecraft:iron_chestplate":1,"minecraft:wheat":19,"minecraft:nether_brick_fence":1,"minecraft:stone_slab":5,"minecraft:acacia_pressure_plate":1,"minecraft:potion":5,"minecraft:enchanted_book":2,"minecraft:nether_brick":19,"minecraft:stone_brick_stairs":1,"minecraft:brewing_stand":2,"minecraft:string":17,"minecraft:raw_copper":19,"minecraft:soul_soil":6,"minecraft:deepslate_lapis_ore":1,"minecraft:iron_leggings":2,"minecraft:gold_nugget":94,"minecraft:cobbled_deepslate":79,"minecraft:bucket":1,"minecraft:rose_bush":2,"minecraft:cobblestone_slab":5,"minecraft:ender_eye":6,"minecraft:iron_pickaxe":1,"minecraft:melon_slice":13,"minecraft:iron_boots":2,"minecraft:furnace":9,"minecraft:stick":59,"minecraft:acacia_fence":2,"minecraft:torch":32,"minecraft:acacia_log":89,"minecraft:porkchop":20,"minecraft:diorite":23,"minecraft:orange_bed":6,"minecraft:rotten_flesh":28,"minecraft:end_rod":2,"minecraft:blaze_rod":14,"minecraft:obsidian":15,"minecraft:iron_bars":3,"minecraft:cobblestone":371,"minecraft:birch_log":19,"minecraft:magma_block":2,"minecraft:iron_door":1,"minecraft:jungle_log":21,"minecraft:smoker":1,"minecraft:potato":320,"minecraft:flint":10,"minecraft:tuff":23,"minecraft:dirt":3375,"minecraft:lapis_lazuli":76,"minecraft:bone":30,"minecraft:acacia_planks":55,"minecraft:bow":1,"minecraft:wheat_seeds":197,"minecraft:bell":3,"minecraft:grindstone":1,"minecraft:mossy_stone_bricks":7,"minecraft:fletching_table":15,"minecraft:bamboo":38,"minecraft:oak_planks":6,"minecraft:poisonous_potato":3,"minecraft:stripped_spruce_log":1,"minecraft:acacia_stairs":88,"minecraft:spectral_arrow":107,"minecraft:shulker_box":21,"minecraft:deepslate":11,"minecraft:diamond":41,"minecraft:cracked_polished_blackstone_bricks":14,"minecraft:crossbow":1,"minecraft:granite":11,"minecraft:golden_apple":1,"minecraft:bread":12,"minecraft:oak_sapling":3,"minecraft:netherrack":191,"minecraft:oak_leaves":828,"minecraft:diamond_pickaxe":1,"minecraft:end_stone_bricks":12,"minecraft:cocoa_beans":25,"minecraft:crafting_table":12,"minecraft:splash_potion":1,"minecraft:gold_block":21,"minecraft:purpur_block":10,"minecraft:shield":2,"minecraft:red_bed":2,"minecraft:elytra":2,"minecraft:iron_axe":1,"minecraft:acacia_door":2,"minecraft:flint_and_steel":1,"minecraft:white_carpet":4,"minecraft:blackstone":150,"minecraft:cracked_stone_bricks":7,"minecraft:beef":73,"minecraft:poppy":4,"minecraft:lectern":163,"minecraft:sugar_cane":151,"minecraft:chest":10,"minecraft:birch_sapling":2,"minecraft:spruce_trapdoor":4,"minecraft:raw_iron":102,"minecraft:end_stone":158,"minecraft:stone":33,"minecraft:fire_charge":18,"minecraft:polished_blackstone_bricks":22,"minecraft:stone_button":2,"minecraft:carrot":330,"minecraft:arrow":13,"minecraft:nether_bricks":100,"minecraft:purpur_slab":3,"minecraft:hay_block":34,"minecraft:yellow_terracotta":43,"minecraft:gold_ingot":7,"minecraft:rail":2,"minecraft:mutton":14,"minecraft:bone_block":34,"minecraft:white_wool":6,"minecraft:birch_leaves":9,"minecraft:basalt":2,"minecraft:glow_ink_sac":6,"minecraft:leather":60,"minecraft:acacia_wood":11,"minecraft:birch_planks":48,"minecraft:oak_log":10,"minecraft:cobblestone_wall":4,"minecraft:gunpowder":18,"minecraft:orange_terracotta":9,"minecraft:apple":2,"minecraft:stone_bricks":33,"minecraft:iron_ingot":21,"minecraft:soul_sand":82,"minecraft:iron_sword":2,"minecraft:acacia_sapling":16,"minecraft:book":1188,"minecraft:birch_boat":14,"minecraft:stone_brick_slab":4,"minecraft:quartz":44,"minecraft:gravel":250,"minecraft:spruce_sapling":106,"minecraft:white_bed":1,"minecraft:spruce_log":1188,"minecraft:crying_obsidian":12,"minecraft:dragon_egg":1,"minecraft:iron_helmet":1,"minecraft:gray_wool":1,"minecraft:black_wool":1,"minecraft:brown_banner":4,"minecraft:melon_seeds":24,"minecraft:coal":324,"minecraft:ender_pearl":495},"minecraft:custom":{"minecraft:interact_with_crafting_table":108,"minecraft:open_shulker_box":427,"minecraft:bell_ring":30,"minecraft:leave_game":12,"minecraft:time_since_death":442015,"minecraft:sprint_one_cm":1440021,"minecraft:damage_blocked_by_shield":2219,"minecraft:drop":208,"minecraft:talked_to_villager":244,"minecraft:play_time":503824,"minecraft:deaths":1,"minecraft:jump":8484,"minecraft:walk_on_water_one_cm":106848,"minecraft:enchant_item":12,"minecraft:interact_with_furnace":41,"minecraft:traded_with_villager":245,"minecraft:sleep_in_bed":2,"minecraft:open_enderchest":3,"minecraft:damage_dealt":92413,"minecraft:crouch_one_cm":226043,"minecraft:interact_with_smoker":4,"minecraft:mob_kills":1790,"minecraft:interact_with_anvil":15,"minecraft:inspect_hopper":1,"minecraft:climb_one_cm":4188,"minecraft:walk_one_cm":713021,"minecraft:sneak_time":61149,"minecraft:walk_under_water_one_cm":31436,"minecraft:boat_one_cm":243315,"minecraft:total_world_time":503824,"minecraft:interact_with_grindstone":15,"minecraft:time_since_rest":157940,"minecraft:damage_absorbed":80,"minecraft:damage_taken":13956,"minecraft:swim_one_cm":137430,"minecraft:fly_one_cm":4555668,"minecraft:open_chest":253,"minecraft:aviate_one_cm":4766047,"minecraft:fall_one_cm":255455},"minecraft:mined":{"minecraft:white_bed":1,"minecraft:farmland":142,"minecraft:jungle_leaves":1,"minecraft:brewing_stand":2,"minecraft:obsidian":4,"minecraft:spruce_trapdoor":6,"minecraft:granite":11,"minecraft:chiseled_polished_blackstone":5,"minecraft:acacia_log":90,"minecraft:grass_block":1380,"minecraft:jungle_log":21,"minecraft:cracked_polished_blackstone_bricks":17,"minecraft:soul_soil":3,"minecraft:purpur_slab":3,"minecraft:hopper":2,"minecraft:polished_blackstone_bricks":41,"minecraft:tall_seagrass":2,"minecraft:magma_block":2,"minecraft:barrel":1,"minecraft:fire":26,"minecraft:iron_ore":69,"minecraft:cobbled_deepslate":1,"minecraft:fletching_table":16,"minecraft:deepslate_lapis_ore":11,"minecraft:dirt_path":331,"minecraft:iron_bars":3,"minecraft:end_stone_bricks":12,"minecraft:orange_bed":6,"minecraft:red_bed":2,"minecraft:blackstone":109,"minecraft:orange_terracotta":9,"minecraft:smoker":1,"minecraft:soul_fire":1,"minecraft:torch":19,"minecraft:melon":2,"minecraft:chest":10,"minecraft:nether_quartz_ore":4,"minecraft:cobblestone":56,"minecraft:sugar_cane":96,"minecraft:grindstone":1,"minecraft:oak_planks":6,"minecraft:iron_door":1,"minecraft:wall_torch":4,"minecraft:seagrass":2,"minecraft:birch_log":19,"minecraft:wheat":10,"minecraft:birch_door":14,"minecraft:purpur_block":10,"minecraft:stone_brick_stairs":1,"minecraft:grass":57,"minecraft:oak_log":10,"minecraft:acacia_fence":2,"minecraft:dirt":1844,"minecraft:netherrack":154,"minecraft:oak_leaves":1035,"minecraft:deepslate":101,"minecraft:yellow_terracotta":43,"minecraft:nether_gold_ore":21,"minecraft:tuff":28,"minecraft:deepslate_diamond_ore":22,"minecraft:end_stone":150,"minecraft:shulker_box":21,"minecraft:glow_lichen":1,"minecraft:nether_bricks":84,"minecraft:crimson_roots":1,"minecraft:spruce_leaves":18,"minecraft:hay_block":34,"minecraft:spruce_sapling":1,"minecraft:furnace":8,"minecraft:carrots":62,"minecraft:acacia_wood":11,"minecraft:acacia_stairs":95,"minecraft:andesite":21,"minecraft:stripped_spruce_log":1,"minecraft:gold_block":21,"minecraft:bell":1,"minecraft:nether_brick_fence":1,"minecraft:bookshelf":397,"minecraft:potatoes":63,"minecraft:cobblestone_slab":6,"minecraft:deepslate_iron_ore":3,"minecraft:vine":6,"minecraft:bamboo":7,"minecraft:stone":421,"minecraft:bone_block":17,"minecraft:podzol":1,"minecraft:acacia_leaves":17,"minecraft:glass_pane":6,"minecraft:infested_stone_bricks":2,"minecraft:basalt":7,"minecraft:stone_brick_slab":7,"minecraft:crafting_table":12,"minecraft:blackstone_slab":4,"minecraft:rose_bush":2,"minecraft:lectern":163,"minecraft:tall_grass":22,"minecraft:copper_ore":5,"minecraft:diorite":30,"minecraft:birch_planks":2,"minecraft:cobblestone_wall":4,"minecraft:white_carpet":5,"minecraft:spruce_log":1192,"minecraft:birch_leaves":9,"minecraft:coal_ore":143,"minecraft:end_rod":2,"minecraft:gravel":75,"minecraft:acacia_door":2,"minecraft:cobweb":5,"minecraft:cracked_stone_bricks":8,"minecraft:acacia_planks":63,"minecraft:stone_bricks":33,"minecraft:mossy_stone_bricks":7},"minecraft:crafted":{"minecraft:grindstone":1,"minecraft:oak_planks":40,"minecraft:cobblestone_slab":90,"minecraft:barrel":1,"minecraft:blaze_powder":16,"minecraft:birch_boat":2,"minecraft:stone":3,"minecraft:bookshelf":21,"minecraft:shulker_box":6,"minecraft:hopper":8,"minecraft:iron_boots":2,"minecraft:chest":20,"minecraft:birch_door":3,"minecraft:rail":16,"minecraft:ender_eye":16,"minecraft:emerald":240,"minecraft:diamond_axe":2,"minecraft:crafting_table":8,"minecraft:spruce_planks":4036,"minecraft:wooden_pickaxe":1,"minecraft:iron_helmet":3,"minecraft:fletching_table":5,"minecraft:birch_planks":76,"minecraft:spruce_trapdoor":18,"minecraft:lectern":3,"minecraft:iron_chestplate":1,"minecraft:paper":12,"minecraft:diamond_pickaxe":1,"minecraft:shield":1,"minecraft:stick":7724,"minecraft:stone_slab":6,"minecraft:iron_ingot":67,"minecraft:iron_pickaxe":1,"minecraft:iron_block":6,"minecraft:gold_ingot":116,"minecraft:spruce_fence_gate":1,"minecraft:shears":4,"minecraft:diamond_hoe":1,"minecraft:furnace":10,"minecraft:jungle_trapdoor":2,"minecraft:bone_meal":63,"minecraft:white_carpet":192,"minecraft:oak_trapdoor":6,"minecraft:iron_axe":1,"minecraft:spruce_slab":24,"minecraft:cobblestone_wall":12,"minecraft:stone_pickaxe":1,"minecraft:golden_helmet":1,"minecraft:minecart":1,"minecraft:cooked_beef":41,"minecraft:coal_block":27,"minecraft:diamond_sword":1,"minecraft:enchanting_table":1,"minecraft:iron_sword":2,"minecraft:bucket":5,"minecraft:acacia_stairs":80,"minecraft:stone_axe":1,"minecraft:enchanted_book":5,"minecraft:air":0,"minecraft:jungle_planks":84,"minecraft:iron_leggings":2,"minecraft:anvil":2,"minecraft:white_bed":1,"minecraft:acacia_planks":216,"minecraft:torch":104,"minecraft:diamond_chestplate":1,"minecraft:firework_rocket":36},"minecraft:used":{"minecraft:diamond_hoe":202,"minecraft:elytra":33,"minecraft:chest":15,"minecraft:shield":70,"minecraft:iron_sword":275,"minecraft:bell":2,"minecraft:jungle_planks":1,"minecraft:nether_bricks":62,"minecraft:carrot":157,"minecraft:obsidian":10,"minecraft:lava_bucket":10,"minecraft:villager_spawn_egg":2,"minecraft:iron_helmet":2,"minecraft:stone_bricks":20,"minecraft:bow":43,"minecraft:furnace":14,"minecraft:potato":142,"minecraft:diorite":5,"minecraft:dropper":2,"minecraft:stone_pickaxe":88,"minecraft:oak_planks":3,"minecraft:blackstone":146,"minecraft:ender_pearl":58,"minecraft:wooden_pickaxe":15,"minecraft:diamond_axe":2156,"minecraft:sugar_cane":70,"minecraft:oak_leaves":1017,"minecraft:golden_apple":2,"minecraft:crossbow":57,"minecraft:shears":950,"minecraft:deepslate_lapis_ore":1,"minecraft:end_stone":87,"minecraft:firework_rocket":104,"minecraft:bread":174,"minecraft:lectern":166,"minecraft:gravel":65,"minecraft:golden_helmet":1,"minecraft:diamond_sword":886,"minecraft:grindstone":2,"minecraft:bone_meal":55,"minecraft:oak_fence":8,"minecraft:netherite_sword":10,"minecraft:enchanting_table":1,"minecraft:iron_bars":1,"minecraft:flint_and_steel":2,"minecraft:spruce_planks":1,"minecraft:netherrack":146,"minecraft:orange_bed":6,"minecraft:torch":88,"minecraft:dirt":390,"minecraft:anvil":2,"minecraft:white_carpet":98,"minecraft:hopper":8,"minecraft:cobblestone_wall":11,"minecraft:shulker_box":27,"minecraft:jungle_trapdoor":1,"minecraft:birch_door":14,"minecraft:bookshelf":18,"minecraft:iron_axe":117,"minecraft:iron_boots":1,"minecraft:barrel":1,"minecraft:bamboo":38,"minecraft:diamond_chestplate":27,"minecraft:golden_carrot":30,"minecraft:minecart":1,"minecraft:cooked_beef":41,"minecraft:acacia_planks":7,"minecraft:cobbled_deepslate":32,"minecraft:observer":3,"minecraft:iron_leggings":1,"minecraft:water_bucket":235,"minecraft:birch_planks":29,"minecraft:birch_boat":12,"minecraft:fletching_table":20,"minecraft:spruce_fence_gate":1,"minecraft:cobblestone_slab":79,"minecraft:polished_blackstone_bricks":19,"minecraft:rail":2,"minecraft:crafting_table":17,"minecraft:red_bed":2,"minecraft:white_bed":1,"minecraft:spruce_log":4,"minecraft:smoker":1,"minecraft:ender_eye":22,"minecraft:acacia_stairs":37,"minecraft:diamond_pickaxe":1661,"minecraft:diamond_shovel":3843,"minecraft:iron_pickaxe":135,"minecraft:purpur_slab":1,"minecraft:spruce_trapdoor":18,"minecraft:spruce_sapling":53,"minecraft:stone_axe":75,"minecraft:cobblestone":436,"minecraft:cooked_porkchop":5,"minecraft:bucket":246},"minecraft:killed":{"minecraft:spider":5,"minecraft:shulker":43,"minecraft:skeleton":16,"minecraft:silverfish":7,"minecraft:piglin_brute":8,"minecraft:piglin":24,"minecraft:pig":2,"minecraft:iron_golem":1,"minecraft:ender_dragon":1,"minecraft:creeper":7,"minecraft:sheep":5,"minecraft:zombie":23,"minecraft:ghast":1,"minecraft:blaze":37,"minecraft:cow":20,"minecraft:hoglin":4,"minecraft:villager":1,"minecraft:enderman":1421}},"DataVersion":3465}