{"stats":{"minecraft:mined":{"minecraft:spruce_planks":1,"minecraft:crafting_table":5,"minecraft:short_grass":1,"minecraft:grass_block":2,"minecraft:jungle_planks":4,"minecraft:tall_grass":1,"minecraft:ice":1,"minecraft:spruce_log":3,"minecraft:oak_log":15,"minecraft:coal_ore":1,"minecraft:gravel":2,"minecraft:dirt":9,"minecraft:packed_ice":4,"minecraft:stone":25},"minecraft:custom":{"minecraft:mob_kills":20,"minecraft:interact_with_crafting_table":15,"minecraft:leave_game":3,"minecraft:time_since_death":39170,"minecraft:time_since_rest":39207,"minecraft:sprint_one_cm":116491,"minecraft:damage_taken":1509,"minecraft:walk_one_cm":40688,"minecraft:drop":17,"minecraft:damage_dealt":1811,"minecraft:swim_one_cm":127003,"minecraft:fly_one_cm":437229,"minecraft:player_kills":1,"minecraft:open_chest":8,"minecraft:crouch_one_cm":2697,"minecraft:play_time":64037,"minecraft:deaths":4,"minecraft:sneak_time":1607,"minecraft:walk_under_water_one_cm":37630,"minecraft:boat_one_cm":333629,"minecraft:jump":1257,"minecraft:walk_on_water_one_cm":21725,"minecraft:total_world_time":64037,"minecraft:fall_one_cm":13429},"minecraft:broken":{"minecraft:golden_axe":1},"minecraft:killed":{"minecraft:pig":1,"minecraft:salmon":8,"minecraft:creeper":1,"minecraft:sheep":9,"minecraft:cow":1},"minecraft:killed_by":{"minecraft:polar_bear":3},"minecraft:used":{"minecraft:stone_pickaxe":20,"minecraft:wooden_pickaxe":10,"minecraft:rotten_flesh":12,"minecraft:dirt":7,"minecraft:crafting_table":6,"minecraft:mushroom_stew":2,"minecraft:jungle_planks":2,"minecraft:golden_chestplate":1,"minecraft:spruce_boat":4,"minecraft:bread":3,"minecraft:suspicious_stew":1,"minecraft:stone_axe":27,"minecraft:fire_charge":1,"minecraft:cobblestone":4,"minecraft:golden_axe":24},"minecraft:crafted":{"minecraft:oak_planks":60,"minecraft:crafting_table":2,"minecraft:spruce_planks":12,"minecraft:wooden_pickaxe":1,"minecraft:bowl":4,"minecraft:stone_axe":1,"minecraft:bread":8,"minecraft:shield":1,"minecraft:stick":12,"minecraft:iron_ingot":4,"minecraft:iron_pickaxe":1,"minecraft:stone_pickaxe":1,"minecraft:spruce_boat":1},"minecraft:picked_up":{"minecraft:crafting_table":5,"minecraft:salmon":8,"minecraft:flint":2,"minecraft:oak_log":15,"minecraft:gunpowder":1,"minecraft:dirt":12,"minecraft:kelp":7,"minecraft:spruce_planks":1,"minecraft:light_weighted_pressure_plate":1,"minecraft:stone_pickaxe":1,"minecraft:gravel":1,"minecraft:jungle_planks":4,"minecraft:porkchop":2,"minecraft:spruce_log":3,"minecraft:spruce_boat":4,"minecraft:bread":6,"minecraft:mutton":14,"minecraft:coal":1,"minecraft:white_wool":5,"minecraft:cobblestone":25},"minecraft:dropped":{"minecraft:gravel":1,"minecraft:bread":6,"minecraft:kelp":7,"minecraft:bowl":1,"minecraft:golden_horse_armor":1,"minecraft:rotten_flesh":8,"minecraft:coal":2,"minecraft:light_weighted_pressure_plate":2,"minecraft:flint":1,"minecraft:potato":4,"minecraft:spruce_planks":1,"minecraft:fire_charge":1,"minecraft:wooden_pickaxe":1,"minecraft:stone_pickaxe":2}},"DataVersion":3953}