{"stats":{"minecraft:custom":{"minecraft:jump":340,"minecraft:time_since_rest":627,"minecraft:crouch_one_cm":210,"minecraft:damage_dealt":451,"minecraft:damage_taken":758,"minecraft:leave_game":2,"minecraft:time_since_death":602,"minecraft:play_time":20235,"minecraft:sprint_one_cm":25546,"minecraft:walk_one_cm":17127,"minecraft:walk_on_water_one_cm":4041,"minecraft:deaths":3,"minecraft:sneak_time":45,"minecraft:total_world_time":20235,"minecraft:walk_under_water_one_cm":2352,"minecraft:swim_one_cm":18140,"minecraft:fly_one_cm":139650,"minecraft:player_kills":1},"minecraft:killed_by":{"minecraft:polar_bear":3}},"DataVersion":3953}