{"stats":{"minecraft:custom":{"minecraft:jump":484,"minecraft:open_chest":1,"minecraft:time_since_rest":4678,"minecraft:damage_dealt":451,"minecraft:damage_taken":898,"minecraft:leave_game":2,"minecraft:crouch_one_cm":210,"minecraft:play_time":24286,"minecraft:time_since_death":4653,"minecraft:sprint_one_cm":38340,"minecraft:walk_one_cm":18515,"minecraft:walk_on_water_one_cm":6649,"minecraft:deaths":3,"minecraft:sneak_time":78,"minecraft:total_world_time":24286,"minecraft:walk_under_water_one_cm":4551,"minecraft:drop":1,"minecraft:swim_one_cm":30339,"minecraft:fall_one_cm":1147,"minecraft:fly_one_cm":204187,"minecraft:player_kills":1},"minecraft:killed_by":{"minecraft:polar_bear":3},"minecraft:used":{"minecraft:suspicious_stew":1},"minecraft:dropped":{"minecraft:bowl":1}},"DataVersion":3953}