{"stats":{"minecraft:custom":{"minecraft:jump":285,"minecraft:time_since_rest":3615,"minecraft:damage_dealt":213,"minecraft:damage_taken":530,"minecraft:leave_game":1,"minecraft:time_since_death":2648,"minecraft:play_time":13888,"minecraft:sprint_one_cm":20765,"minecraft:walk_one_cm":10482,"minecraft:walk_on_water_one_cm":3892,"minecraft:deaths":2,"minecraft:sneak_time":37,"minecraft:total_world_time":13888,"minecraft:walk_under_water_one_cm":2261,"minecraft:swim_one_cm":18140,"minecraft:fly_one_cm":122949},"minecraft:killed_by":{"minecraft:polar_bear":2}},"DataVersion":3953}