{"stats":{"minecraft:mined":{"minecraft:spruce_planks":1,"minecraft:ice":1,"minecraft:spruce_log":3,"minecraft:crafting_table":2,"minecraft:short_grass":1,"minecraft:grass_block":1,"minecraft:oak_log":6,"minecraft:jungle_planks":4,"minecraft:gravel":2,"minecraft:dirt":5,"minecraft:packed_ice":4,"minecraft:stone":8},"minecraft:custom":{"minecraft:time_since_rest":28911,"minecraft:sprint_one_cm":74988,"minecraft:walk_one_cm":28387,"minecraft:damage_taken":1329,"minecraft:mob_kills":8,"minecraft:drop":6,"minecraft:damage_dealt":691,"minecraft:swim_one_cm":127003,"minecraft:interact_with_crafting_table":6,"minecraft:fly_one_cm":364870,"minecraft:player_kills":1,"minecraft:open_chest":6,"minecraft:crouch_one_cm":872,"minecraft:play_time":53741,"minecraft:deaths":4,"minecraft:sneak_time":1321,"minecraft:walk_under_water_one_cm":37134,"minecraft:boat_one_cm":333629,"minecraft:jump":972,"minecraft:leave_game":3,"minecraft:time_since_death":28874,"minecraft:walk_on_water_one_cm":21438,"minecraft:total_world_time":53741,"minecraft:fall_one_cm":5447},"minecraft:killed":{"minecraft:salmon":8},"minecraft:broken":{"minecraft:golden_axe":1},"minecraft:killed_by":{"minecraft:polar_bear":3},"minecraft:crafted":{"minecraft:oak_planks":24,"minecraft:crafting_table":1,"minecraft:spruce_planks":12,"minecraft:stick":4,"minecraft:wooden_pickaxe":1,"minecraft:bowl":4,"minecraft:spruce_boat":1,"minecraft:bread":6},"minecraft:used":{"minecraft:spruce_boat":4,"minecraft:suspicious_stew":1,"minecraft:wooden_pickaxe":10,"minecraft:rotten_flesh":12,"minecraft:fire_charge":1,"minecraft:dirt":4,"minecraft:crafting_table":3,"minecraft:mushroom_stew":2,"minecraft:jungle_planks":2,"minecraft:golden_chestplate":1,"minecraft:golden_axe":24},"minecraft:picked_up":{"minecraft:crafting_table":2,"minecraft:salmon":8,"minecraft:gravel":1,"minecraft:flint":1,"minecraft:jungle_planks":4,"minecraft:oak_log":6,"minecraft:spruce_log":3,"minecraft:dirt":6,"minecraft:kelp":7,"minecraft:spruce_boat":4,"minecraft:spruce_planks":1,"minecraft:cobblestone":8},"minecraft:dropped":{"minecraft:gravel":1,"minecraft:potato":4,"minecraft:bowl":1,"minecraft:coal":2,"minecraft:light_weighted_pressure_plate":1,"minecraft:flint":1}},"DataVersion":3953}