{"stats":{"minecraft:custom":{"minecraft:interact_with_crafting_table":55,"minecraft:open_shulker_box":105,"minecraft:leave_game":8,"minecraft:time_since_death":212152,"minecraft:sprint_one_cm":844354,"minecraft:damage_blocked_by_shield":2219,"minecraft:drop":140,"minecraft:play_time":273961,"minecraft:deaths":1,"minecraft:jump":5987,"minecraft:walk_on_water_one_cm":38582,"minecraft:enchant_item":1,"minecraft:interact_with_furnace":24,"minecraft:open_enderchest":3,"minecraft:damage_dealt":54618,"minecraft:crouch_one_cm":101776,"minecraft:mob_kills":224,"minecraft:climb_one_cm":4188,"minecraft:walk_one_cm":297885,"minecraft:sneak_time":31357,"minecraft:walk_under_water_one_cm":20790,"minecraft:boat_one_cm":243315,"minecraft:total_world_time":273961,"minecraft:time_since_rest":212239,"minecraft:damage_absorbed":80,"minecraft:damage_taken":11359,"minecraft:swim_one_cm":130181,"minecraft:fly_one_cm":3922438,"minecraft:open_chest":140,"minecraft:aviate_one_cm":3023717,"minecraft:fall_one_cm":198678},"minecraft:mined":{"minecraft:white_bed":1,"minecraft:farmland":22,"minecraft:jungle_leaves":1,"minecraft:brewing_stand":2,"minecraft:obsidian":4,"minecraft:granite":11,"minecraft:chiseled_polished_blackstone":5,"minecraft:acacia_log":28,"minecraft:grass_block":304,"minecraft:jungle_log":21,"minecraft:cracked_polished_blackstone_bricks":17,"minecraft:soul_soil":3,"minecraft:purpur_slab":3,"minecraft:polished_blackstone_bricks":41,"minecraft:tall_seagrass":2,"minecraft:magma_block":2,"minecraft:iron_ore":69,"minecraft:cobbled_deepslate":1,"minecraft:fire":26,"minecraft:fletching_table":4,"minecraft:deepslate_lapis_ore":11,"minecraft:dirt_path":151,"minecraft:iron_bars":3,"minecraft:end_stone_bricks":12,"minecraft:orange_bed":5,"minecraft:red_bed":2,"minecraft:blackstone":109,"minecraft:soul_fire":1,"minecraft:orange_terracotta":9,"minecraft:torch":2,"minecraft:chest":10,"minecraft:nether_quartz_ore":4,"minecraft:cobblestone":10,"minecraft:sugar_cane":15,"minecraft:oak_planks":6,"minecraft:iron_door":1,"minecraft:wall_torch":1,"minecraft:seagrass":2,"minecraft:birch_log":19,"minecraft:birch_door":14,"minecraft:purpur_block":10,"minecraft:stone_brick_stairs":1,"minecraft:grass":21,"minecraft:oak_log":5,"minecraft:dirt":405,"minecraft:netherrack":154,"minecraft:oak_leaves":4,"minecraft:deepslate":101,"minecraft:yellow_terracotta":14,"minecraft:nether_gold_ore":21,"minecraft:tuff":28,"minecraft:deepslate_diamond_ore":22,"minecraft:end_stone":150,"minecraft:shulker_box":18,"minecraft:glow_lichen":1,"minecraft:nether_bricks":84,"minecraft:crimson_roots":1,"minecraft:hay_block":34,"minecraft:furnace":4,"minecraft:andesite":21,"minecraft:gold_block":21,"minecraft:nether_brick_fence":1,"minecraft:bookshelf":397,"minecraft:deepslate_iron_ore":3,"minecraft:vine":6,"minecraft:bamboo":7,"minecraft:stone":270,"minecraft:bone_block":17,"minecraft:infested_stone_bricks":2,"minecraft:basalt":7,"minecraft:stone_brick_slab":7,"minecraft:crafting_table":11,"minecraft:blackstone_slab":4,"minecraft:copper_ore":2,"minecraft:tall_grass":10,"minecraft:diorite":30,"minecraft:birch_planks":2,"minecraft:birch_leaves":4,"minecraft:coal_ore":28,"minecraft:end_rod":2,"minecraft:gravel":10,"minecraft:cobweb":5,"minecraft:cracked_stone_bricks":8,"minecraft:stone_bricks":33,"minecraft:mossy_stone_bricks":7},"minecraft:killed":{"minecraft:spider":4,"minecraft:shulker":43,"minecraft:skeleton":14,"minecraft:silverfish":7,"minecraft:piglin_brute":8,"minecraft:piglin":24,"minecraft:pig":2,"minecraft:ender_dragon":1,"minecraft:creeper":7,"minecraft:sheep":5,"minecraft:zombie":10,"minecraft:ghast":1,"minecraft:blaze":37,"minecraft:cow":20,"minecraft:hoglin":4,"minecraft:enderman":35},"minecraft:picked_up":{"minecraft:shulker_shell":18,"minecraft:birch_door":17,"minecraft:iron_chestplate":1,"minecraft:nether_brick_fence":1,"minecraft:potion":5,"minecraft:enchanted_book":2,"minecraft:nether_brick":19,"minecraft:stone_brick_stairs":1,"minecraft:brewing_stand":2,"minecraft:string":15,"minecraft:soul_soil":6,"minecraft:deepslate_lapis_ore":1,"minecraft:iron_leggings":2,"minecraft:cobbled_deepslate":79,"minecraft:gold_nugget":94,"minecraft:bucket":1,"minecraft:ender_eye":6,"minecraft:iron_pickaxe":1,"minecraft:iron_boots":2,"minecraft:furnace":6,"minecraft:stick":7,"minecraft:torch":7,"minecraft:acacia_log":28,"minecraft:porkchop":20,"minecraft:diorite":23,"minecraft:orange_bed":5,"minecraft:rotten_flesh":6,"minecraft:end_rod":2,"minecraft:blaze_rod":14,"minecraft:obsidian":15,"minecraft:iron_bars":3,"minecraft:cobblestone":196,"minecraft:birch_log":19,"minecraft:magma_block":2,"minecraft:iron_door":1,"minecraft:jungle_log":21,"minecraft:tuff":23,"minecraft:lapis_lazuli":76,"minecraft:dirt":803,"minecraft:bone":27,"minecraft:bow":1,"minecraft:wheat_seeds":25,"minecraft:bell":2,"minecraft:mossy_stone_bricks":7,"minecraft:fletching_table":3,"minecraft:bamboo":38,"minecraft:oak_planks":6,"minecraft:shulker_box":18,"minecraft:spectral_arrow":107,"minecraft:deepslate":11,"minecraft:diamond":41,"minecraft:cracked_polished_blackstone_bricks":14,"minecraft:crossbow":1,"minecraft:granite":11,"minecraft:golden_apple":1,"minecraft:bread":12,"minecraft:oak_sapling":2,"minecraft:netherrack":191,"minecraft:diamond_pickaxe":1,"minecraft:end_stone_bricks":12,"minecraft:cocoa_beans":25,"minecraft:crafting_table":12,"minecraft:splash_potion":1,"minecraft:gold_block":21,"minecraft:purpur_block":10,"minecraft:shield":2,"minecraft:red_bed":2,"minecraft:elytra":2,"minecraft:iron_axe":1,"minecraft:flint_and_steel":1,"minecraft:blackstone":150,"minecraft:cracked_stone_bricks":7,"minecraft:beef":73,"minecraft:sugar_cane":50,"minecraft:chest":10,"minecraft:birch_sapling":2,"minecraft:raw_iron":102,"minecraft:end_stone":158,"minecraft:stone":33,"minecraft:fire_charge":18,"minecraft:polished_blackstone_bricks":22,"minecraft:stone_button":2,"minecraft:arrow":10,"minecraft:nether_bricks":100,"minecraft:purpur_slab":3,"minecraft:hay_block":34,"minecraft:yellow_terracotta":14,"minecraft:gold_ingot":7,"minecraft:mutton":14,"minecraft:bone_block":34,"minecraft:white_wool":6,"minecraft:basalt":2,"minecraft:glow_ink_sac":6,"minecraft:leather":60,"minecraft:birch_planks":48,"minecraft:oak_log":5,"minecraft:gunpowder":17,"minecraft:orange_terracotta":9,"minecraft:stone_bricks":33,"minecraft:iron_ingot":17,"minecraft:acacia_sapling":7,"minecraft:iron_sword":2,"minecraft:soul_sand":82,"minecraft:book":1188,"minecraft:birch_boat":14,"minecraft:stone_brick_slab":4,"minecraft:quartz":44,"minecraft:gravel":195,"minecraft:white_bed":1,"minecraft:crying_obsidian":12,"minecraft:dragon_egg":1,"minecraft:iron_helmet":1,"minecraft:gray_wool":1,"minecraft:melon_seeds":2,"minecraft:brown_banner":4,"minecraft:black_wool":1,"minecraft:coal":71,"minecraft:ender_pearl":33},"minecraft:dropped":{"minecraft:iron_sword":2,"minecraft:soul_sand":82,"minecraft:porkchop":15,"minecraft:crossbow":1,"minecraft:cracked_stone_bricks":3,"minecraft:dirt":10,"minecraft:cracked_polished_blackstone_bricks":14,"minecraft:mutton":7,"minecraft:polished_blackstone_bricks":2,"minecraft:iron_pickaxe":1,"minecraft:gold_ingot":126,"minecraft:gravel":185,"minecraft:stone_axe":1,"minecraft:blackstone":13,"minecraft:nether_brick":19,"minecraft:rotten_flesh":2,"minecraft:nether_brick_fence":1,"minecraft:gunpowder":1,"minecraft:melon_seeds":2,"minecraft:acacia_sapling":4,"minecraft:birch_door":3,"minecraft:basalt":2,"minecraft:arrow":2,"minecraft:crying_obsidian":12,"minecraft:quartz":44,"minecraft:netherrack":7,"minecraft:enchanted_book":2,"minecraft:bread":20,"minecraft:wheat_seeds":24,"minecraft:golden_helmet":1,"minecraft:iron_helmet":2,"minecraft:cobblestone":2,"minecraft:spectral_arrow":53,"minecraft:granite":2,"minecraft:stick":12,"minecraft:gray_wool":1,"minecraft:iron_door":1,"minecraft:fire_charge":8,"minecraft:potion":2,"minecraft:iron_leggings":3,"minecraft:string":14,"minecraft:stone_brick_slab":2,"minecraft:soul_soil":3,"minecraft:cocoa_beans":20,"minecraft:tuff":6,"minecraft:iron_boots":3,"minecraft:nether_bricks":38,"minecraft:shield":1,"minecraft:iron_chestplate":1,"minecraft:mossy_stone_bricks":1,"minecraft:oak_sapling":2,"minecraft:birch_boat":1,"minecraft:bow":1,"minecraft:stone_pickaxe":1,"minecraft:wooden_pickaxe":1,"minecraft:black_wool":1},"minecraft:used":{"minecraft:elytra":20,"minecraft:diamond_hoe":39,"minecraft:chest":11,"minecraft:shield":70,"minecraft:iron_sword":275,"minecraft:jungle_planks":1,"minecraft:nether_bricks":62,"minecraft:obsidian":10,"minecraft:lava_bucket":10,"minecraft:iron_helmet":2,"minecraft:stone_bricks":20,"minecraft:bow":43,"minecraft:furnace":4,"minecraft:diorite":5,"minecraft:stone_pickaxe":88,"minecraft:oak_planks":3,"minecraft:ender_pearl":15,"minecraft:blackstone":146,"minecraft:wooden_pickaxe":15,"minecraft:diamond_axe":510,"minecraft:golden_apple":2,"minecraft:crossbow":57,"minecraft:deepslate_lapis_ore":1,"minecraft:end_stone":87,"minecraft:firework_rocket":36,"minecraft:bread":106,"minecraft:golden_helmet":1,"minecraft:diamond_sword":423,"minecraft:netherite_sword":10,"minecraft:enchanting_table":1,"minecraft:iron_bars":1,"minecraft:flint_and_steel":2,"minecraft:netherrack":146,"minecraft:torch":7,"minecraft:dirt":47,"minecraft:shulker_box":24,"minecraft:jungle_trapdoor":1,"minecraft:birch_door":14,"minecraft:bookshelf":18,"minecraft:iron_axe":117,"minecraft:iron_boots":1,"minecraft:bamboo":38,"minecraft:diamond_chestplate":16,"minecraft:golden_carrot":30,"minecraft:cooked_beef":41,"minecraft:cobbled_deepslate":32,"minecraft:iron_leggings":1,"minecraft:water_bucket":18,"minecraft:birch_planks":29,"minecraft:birch_boat":12,"minecraft:fletching_table":3,"minecraft:polished_blackstone_bricks":19,"minecraft:crafting_table":14,"minecraft:white_bed":1,"minecraft:ender_eye":22,"minecraft:diamond_pickaxe":1156,"minecraft:diamond_shovel":874,"minecraft:iron_pickaxe":135,"minecraft:purpur_slab":1,"minecraft:stone_axe":75,"minecraft:cobblestone":218,"minecraft:cooked_porkchop":5,"minecraft:bucket":28},"minecraft:crafted":{"minecraft:oak_planks":20,"minecraft:blaze_powder":16,"minecraft:birch_boat":2,"minecraft:bookshelf":18,"minecraft:shulker_box":6,"minecraft:iron_boots":2,"minecraft:chest":8,"minecraft:birch_door":3,"minecraft:ender_eye":16,"minecraft:crafting_table":5,"minecraft:diamond_axe":1,"minecraft:wooden_pickaxe":1,"minecraft:iron_helmet":3,"minecraft:birch_planks":76,"minecraft:iron_chestplate":1,"minecraft:paper":12,"minecraft:diamond_pickaxe":1,"minecraft:shield":1,"minecraft:stick":32,"minecraft:iron_ingot":38,"minecraft:iron_pickaxe":1,"minecraft:gold_ingot":116,"minecraft:diamond_hoe":1,"minecraft:furnace":4,"minecraft:jungle_trapdoor":2,"minecraft:iron_axe":1,"minecraft:stone_pickaxe":1,"minecraft:golden_helmet":1,"minecraft:cooked_beef":41,"minecraft:diamond_sword":1,"minecraft:enchanting_table":1,"minecraft:iron_sword":2,"minecraft:bucket":1,"minecraft:stone_axe":1,"minecraft:air":0,"minecraft:jungle_planks":84,"minecraft:iron_leggings":2,"minecraft:white_bed":1,"minecraft:acacia_planks":112,"minecraft:torch":32,"minecraft:diamond_chestplate":1,"minecraft:firework_rocket":36},"minecraft:broken":{"minecraft:iron_sword":1}},"DataVersion":3465}