{"stats":{"minecraft:dropped":{"minecraft:enchanted_book":2,"minecraft:soul_sand":82,"minecraft:porkchop":11,"minecraft:golden_helmet":1,"minecraft:crossbow":1,"minecraft:cobblestone":2,"minecraft:spectral_arrow":53,"minecraft:granite":2,"minecraft:stick":2,"minecraft:cracked_polished_blackstone_bricks":14,"minecraft:gray_wool":1,"minecraft:mutton":7,"minecraft:fire_charge":8,"minecraft:potion":2,"minecraft:polished_blackstone_bricks":2,"minecraft:string":10,"minecraft:gold_ingot":126,"minecraft:gravel":185,"minecraft:stone_axe":1,"minecraft:blackstone":13,"minecraft:soul_soil":3,"minecraft:nether_brick":19,"minecraft:tuff":5,"minecraft:rotten_flesh":2,"minecraft:iron_boots":1,"minecraft:birch_door":3,"minecraft:birch_boat":1,"minecraft:basalt":2,"minecraft:arrow":2,"minecraft:bow":1,"minecraft:stone_pickaxe":1,"minecraft:wooden_pickaxe":1,"minecraft:crying_obsidian":12,"minecraft:quartz":36,"minecraft:netherrack":6,"minecraft:black_wool":1},"minecraft:picked_up":{"minecraft:crafting_table":8,"minecraft:birch_door":17,"minecraft:iron_chestplate":1,"minecraft:splash_potion":1,"minecraft:enchanted_book":2,"minecraft:gold_block":19,"minecraft:potion":3,"minecraft:nether_brick":19,"minecraft:shield":1,"minecraft:string":10,"minecraft:flint_and_steel":1,"minecraft:soul_soil":6,"minecraft:iron_axe":1,"minecraft:iron_leggings":1,"minecraft:blackstone":150,"minecraft:gold_nugget":94,"minecraft:cobbled_deepslate":32,"minecraft:bucket":1,"minecraft:beef":64,"minecraft:iron_pickaxe":1,"minecraft:sugar_cane":34,"minecraft:birch_sapling":2,"minecraft:iron_boots":1,"minecraft:furnace":4,"minecraft:raw_iron":102,"minecraft:stick":3,"minecraft:fire_charge":18,"minecraft:porkchop":16,"minecraft:polished_blackstone_bricks":22,"minecraft:arrow":10,"minecraft:rotten_flesh":6,"minecraft:gold_ingot":7,"minecraft:mutton":14,"minecraft:obsidian":15,"minecraft:white_wool":6,"minecraft:bone_block":34,"minecraft:cobblestone":42,"minecraft:birch_log":19,"minecraft:basalt":2,"minecraft:glow_ink_sac":6,"minecraft:leather":56,"minecraft:birch_planks":46,"minecraft:tuff":5,"minecraft:gunpowder":13,"minecraft:dirt":9,"minecraft:bone":27,"minecraft:bow":1,"minecraft:iron_ingot":16,"minecraft:iron_sword":1,"minecraft:soul_sand":82,"minecraft:birch_boat":5,"minecraft:quartz":36,"minecraft:gravel":185,"minecraft:spectral_arrow":107,"minecraft:crying_obsidian":12,"minecraft:diamond":41,"minecraft:iron_helmet":1,"minecraft:cracked_polished_blackstone_bricks":14,"minecraft:crossbow":1,"minecraft:granite":2,"minecraft:golden_apple":1,"minecraft:gray_wool":1,"minecraft:bread":6,"minecraft:coal":63,"minecraft:black_wool":1,"minecraft:netherrack":135,"minecraft:ender_pearl":16,"minecraft:diamond_pickaxe":1},"minecraft:mined":{"minecraft:nether_gold_ore":21,"minecraft:tuff":11,"minecraft:deepslate_diamond_ore":22,"minecraft:obsidian":4,"minecraft:granite":2,"minecraft:chiseled_polished_blackstone":5,"minecraft:grass_block":2,"minecraft:crimson_roots":1,"minecraft:cracked_polished_blackstone_bricks":17,"minecraft:soul_soil":3,"minecraft:polished_blackstone_bricks":41,"minecraft:tall_seagrass":2,"minecraft:furnace":2,"minecraft:fire":1,"minecraft:iron_ore":69,"minecraft:cobbled_deepslate":1,"minecraft:gold_block":18,"minecraft:deepslate_iron_ore":3,"minecraft:stone":41,"minecraft:bone_block":17,"minecraft:blackstone":109,"minecraft:basalt":7,"minecraft:crafting_table":7,"minecraft:blackstone_slab":4,"minecraft:cobblestone":1,"minecraft:sugar_cane":7,"minecraft:seagrass":2,"minecraft:birch_log":19,"minecraft:birch_leaves":4,"minecraft:birch_door":14,"minecraft:grass":1,"minecraft:coal_ore":28,"minecraft:dirt":7,"minecraft:netherrack":92,"minecraft:deepslate":34,"minecraft:oak_leaves":1},"minecraft:custom":{"minecraft:mob_kills":82,"minecraft:interact_with_crafting_table":18,"minecraft:leave_game":1,"minecraft:time_since_death":31665,"minecraft:climb_one_cm":191,"minecraft:sprint_one_cm":295399,"minecraft:walk_one_cm":90552,"minecraft:damage_blocked_by_shield":792,"minecraft:drop":85,"minecraft:play_time":93407,"minecraft:deaths":1,"minecraft:sneak_time":15360,"minecraft:walk_under_water_one_cm":18911,"minecraft:boat_one_cm":48240,"minecraft:jump":2393,"minecraft:walk_on_water_one_cm":31132,"minecraft:total_world_time":93407,"minecraft:interact_with_furnace":16,"minecraft:time_since_rest":31685,"minecraft:damage_taken":3572,"minecraft:damage_dealt":16444,"minecraft:swim_one_cm":118584,"minecraft:fly_one_cm":632740,"minecraft:open_chest":18,"minecraft:crouch_one_cm":43740,"minecraft:fall_one_cm":79536},"minecraft:crafted":{"minecraft:birch_boat":1,"minecraft:furnace":2,"minecraft:iron_boots":2,"minecraft:iron_axe":1,"minecraft:stone_pickaxe":1,"minecraft:birch_door":3,"minecraft:golden_helmet":1,"minecraft:crafting_table":1,"minecraft:wooden_pickaxe":1,"minecraft:iron_helmet":1,"minecraft:iron_sword":1,"minecraft:bucket":1,"minecraft:birch_planks":76,"minecraft:stone_axe":1,"minecraft:air":0,"minecraft:iron_chestplate":1,"minecraft:diamond_pickaxe":1,"minecraft:shield":1,"minecraft:stick":12,"minecraft:iron_ingot":38,"minecraft:iron_pickaxe":1,"minecraft:iron_leggings":1,"minecraft:gold_ingot":116},"minecraft:used":{"minecraft:flint_and_steel":1,"minecraft:shield":25,"minecraft:iron_sword":138,"minecraft:netherrack":86,"minecraft:dirt":9,"minecraft:birch_door":14,"minecraft:lava_bucket":10,"minecraft:iron_axe":59,"minecraft:iron_boots":1,"minecraft:golden_carrot":10,"minecraft:furnace":2,"minecraft:cobbled_deepslate":32,"minecraft:water_bucket":18,"minecraft:stone_pickaxe":88,"minecraft:blackstone":146,"minecraft:birch_boat":3,"minecraft:wooden_pickaxe":15,"minecraft:polished_blackstone_bricks":19,"minecraft:crafting_table":7,"minecraft:crossbow":7,"minecraft:diamond_pickaxe":311,"minecraft:bread":59,"minecraft:iron_pickaxe":135,"minecraft:golden_helmet":1,"minecraft:stone_axe":75,"minecraft:cobblestone":18,"minecraft:bucket":28},"minecraft:killed":{"minecraft:spider":4,"minecraft:skeleton":11,"minecraft:piglin_brute":8,"minecraft:piglin":23,"minecraft:pig":2,"minecraft:hoglin":3,"minecraft:creeper":4,"minecraft:sheep":5,"minecraft:zombie":6,"minecraft:enderman":1,"minecraft:cow":15}},"DataVersion":3465}