{"stats":{"minecraft:mined":{"minecraft:tuff":3,"minecraft:spruce_planks":1,"minecraft:deepslate_diamond_ore":1,"minecraft:crafting_table":5,"minecraft:granite":2,"minecraft:short_grass":1,"minecraft:grass_block":2,"minecraft:jungle_planks":4,"minecraft:tall_grass":2,"minecraft:deepslate_gold_ore":3,"minecraft:diorite":2,"minecraft:iron_ore":20,"minecraft:ice":1,"minecraft:spruce_log":3,"minecraft:deepslate_iron_ore":14,"minecraft:oak_log":15,"minecraft:coal_ore":8,"minecraft:gravel":2,"minecraft:dirt":9,"minecraft:packed_ice":4,"minecraft:stone":35,"minecraft:deepslate":19},"minecraft:custom":{"minecraft:interact_with_furnace":7,"minecraft:mob_kills":41,"minecraft:interact_with_crafting_table":20,"minecraft:leave_game":3,"minecraft:time_since_death":53826,"minecraft:climb_one_cm":254,"minecraft:time_since_rest":53863,"minecraft:sprint_one_cm":162764,"minecraft:damage_taken":1880,"minecraft:walk_one_cm":59537,"minecraft:damage_blocked_by_shield":331,"minecraft:drop":20,"minecraft:damage_dealt":4052,"minecraft:swim_one_cm":139958,"minecraft:fly_one_cm":483847,"minecraft:player_kills":1,"minecraft:open_chest":8,"minecraft:crouch_one_cm":4823,"minecraft:play_time":78693,"minecraft:deaths":4,"minecraft:sneak_time":2421,"minecraft:walk_under_water_one_cm":39799,"minecraft:boat_one_cm":333629,"minecraft:jump":1558,"minecraft:walk_on_water_one_cm":32467,"minecraft:total_world_time":78693,"minecraft:fall_one_cm":23527},"minecraft:broken":{"minecraft:golden_axe":1},"minecraft:killed":{"minecraft:pig":7,"minecraft:salmon":8,"minecraft:creeper":1,"minecraft:sheep":13,"minecraft:skeleton":2,"minecraft:zombie":2,"minecraft:cow":8},"minecraft:killed_by":{"minecraft:polar_bear":3},"minecraft:used":{"minecraft:diorite":2,"minecraft:stone_pickaxe":20,"minecraft:oak_planks":2,"minecraft:shield":3,"minecraft:wooden_pickaxe":10,"minecraft:rotten_flesh":12,"minecraft:dirt":7,"minecraft:crafting_table":7,"minecraft:mushroom_stew":6,"minecraft:jungle_planks":2,"minecraft:golden_chestplate":1,"minecraft:spruce_boat":4,"minecraft:iron_pickaxe":82,"minecraft:bread":8,"minecraft:suspicious_stew":1,"minecraft:golden_carrot":1,"minecraft:stone_axe":57,"minecraft:fishing_rod":4,"minecraft:fire_charge":1,"minecraft:cobblestone":27,"minecraft:furnace":2,"minecraft:golden_axe":24},"minecraft:crafted":{"minecraft:golden_carrot":2,"minecraft:oak_planks":60,"minecraft:crafting_table":2,"minecraft:spruce_planks":12,"minecraft:wooden_pickaxe":1,"minecraft:bowl":4,"minecraft:furnace":2,"minecraft:stone_axe":1,"minecraft:cooked_mutton":5,"minecraft:bread":8,"minecraft:air":0,"minecraft:shield":1,"minecraft:stick":12,"minecraft:iron_ingot":4,"minecraft:iron_pickaxe":1,"minecraft:stone_pickaxe":1,"minecraft:spruce_boat":1},"minecraft:picked_up":{"minecraft:crafting_table":5,"minecraft:salmon":8,"minecraft:leather":5,"minecraft:flint":2,"minecraft:oak_log":15,"minecraft:gunpowder":1,"minecraft:dirt":12,"minecraft:kelp":7,"minecraft:wheat_seeds":1,"minecraft:cobbled_deepslate":15,"minecraft:raw_gold":3,"minecraft:spruce_planks":1,"minecraft:light_weighted_pressure_plate":1,"minecraft:beef":13,"minecraft:stone_pickaxe":1,"minecraft:raw_iron":33,"minecraft:gravel":1,"minecraft:jungle_planks":4,"minecraft:porkchop":11,"minecraft:diorite":2,"minecraft:spruce_log":3,"minecraft:arrow":3,"minecraft:diamond":1,"minecraft:spruce_boat":4,"minecraft:granite":1,"minecraft:bread":6,"minecraft:mutton":20,"minecraft:coal":8,"minecraft:white_wool":9,"minecraft:cobblestone":35},"minecraft:dropped":{"minecraft:gravel":1,"minecraft:bread":6,"minecraft:kelp":7,"minecraft:wheat_seeds":1,"minecraft:bowl":1,"minecraft:golden_horse_armor":1,"minecraft:rotten_flesh":8,"minecraft:granite":1,"minecraft:coal":2,"minecraft:light_weighted_pressure_plate":2,"minecraft:flint":1,"minecraft:potato":4,"minecraft:spruce_planks":1,"minecraft:fire_charge":1,"minecraft:arrow":3,"minecraft:wooden_pickaxe":1,"minecraft:stone_pickaxe":2}},"DataVersion":3953}