{"stats":{"minecraft:killed":{"minecraft:pig":7,"minecraft:witch":1,"minecraft:salmon":8,"minecraft:creeper":5,"minecraft:sheep":13,"minecraft:skeleton":17,"minecraft:zombie":7,"minecraft:cow":27},"minecraft:killed_by":{"minecraft:polar_bear":3},"minecraft:used":{"minecraft:cooked_mutton":13,"minecraft:diorite":2,"minecraft:stone_pickaxe":20,"minecraft:oak_planks":9,"minecraft:wooden_pickaxe":10,"minecraft:shield":3,"minecraft:rotten_flesh":12,"minecraft:dirt":7,"minecraft:crafting_table":8,"minecraft:jungle_planks":2,"minecraft:mushroom_stew":6,"minecraft:golden_chestplate":1,"minecraft:tuff":3,"minecraft:spruce_boat":6,"minecraft:diamond_pickaxe":50,"minecraft:iron_pickaxe":242,"minecraft:suspicious_stew":1,"minecraft:iron_axe":96,"minecraft:bread":14,"minecraft:fishing_rod":4,"minecraft:fire_charge":1,"minecraft:cobblestone":37,"minecraft:stone_axe":60,"minecraft:golden_carrot":2,"minecraft:furnace":2,"minecraft:cobbled_deepslate":36,"minecraft:golden_axe":24},"minecraft:picked_up":{"minecraft:crafting_table":7,"minecraft:salmon":8,"minecraft:leather":20,"minecraft:flint":2,"minecraft:tuff":4,"minecraft:oak_log":15,"minecraft:gunpowder":3,"minecraft:lapis_lazuli":53,"minecraft:dirt":12,"minecraft:raw_copper":36,"minecraft:bone":10,"minecraft:kelp":7,"minecraft:wheat_seeds":1,"minecraft:cobbled_deepslate":52,"minecraft:raw_gold":26,"minecraft:spruce_planks":1,"minecraft:iron_ingot":1,"minecraft:light_weighted_pressure_plate":1,"minecraft:beef":44,"minecraft:stone_pickaxe":1,"minecraft:bamboo":8,"minecraft:sugar_cane":38,"minecraft:oak_planks":1,"minecraft:furnace":2,"minecraft:raw_iron":112,"minecraft:gravel":1,"minecraft:porkchop":11,"minecraft:jungle_planks":4,"minecraft:diorite":2,"minecraft:spruce_log":3,"minecraft:arrow":9,"minecraft:rotten_flesh":1,"minecraft:diamond":25,"minecraft:spruce_boat":6,"minecraft:granite":1,"minecraft:bread":6,"minecraft:mutton":20,"minecraft:coal":23,"minecraft:rail":1,"minecraft:white_wool":9,"minecraft:cobblestone":45},"minecraft:custom":{"minecraft:interact_with_furnace":11,"minecraft:mob_kills":85,"minecraft:interact_with_crafting_table":25,"minecraft:leave_game":5,"minecraft:time_since_death":97277,"minecraft:climb_one_cm":1106,"minecraft:time_since_rest":97314,"minecraft:sprint_one_cm":400466,"minecraft:damage_taken":2693,"minecraft:walk_one_cm":113149,"minecraft:damage_blocked_by_shield":331,"minecraft:drop":34,"minecraft:damage_dealt":10820,"minecraft:swim_one_cm":154369,"minecraft:player_kills":1,"minecraft:fly_one_cm":780646,"minecraft:open_chest":15,"minecraft:crouch_one_cm":7937,"minecraft:play_time":122144,"minecraft:sneak_time":3772,"minecraft:deaths":4,"minecraft:walk_under_water_one_cm":46245,"minecraft:boat_one_cm":381727,"minecraft:jump":3019,"minecraft:walk_on_water_one_cm":42432,"minecraft:total_world_time":122144,"minecraft:fall_one_cm":61101},"minecraft:mined":{"minecraft:large_amethyst_bud":1,"minecraft:tuff":17,"minecraft:spruce_planks":1,"minecraft:deepslate_diamond_ore":25,"minecraft:crafting_table":7,"minecraft:granite":2,"minecraft:short_grass":6,"minecraft:grass_block":2,"minecraft:jungle_planks":4,"minecraft:tall_grass":3,"minecraft:deepslate_gold_ore":26,"minecraft:oak_planks":1,"minecraft:sugar_cane":19,"minecraft:diorite":2,"minecraft:deepslate_copper_ore":10,"minecraft:furnace":2,"minecraft:iron_ore":35,"minecraft:cobbled_deepslate":1,"minecraft:ice":1,"minecraft:spruce_log":3,"minecraft:deepslate_lapis_ore":8,"minecraft:coal_ore":15,"minecraft:oak_log":15,"minecraft:deepslate_iron_ore":63,"minecraft:rail":1,"minecraft:gravel":2,"minecraft:dirt":9,"minecraft:packed_ice":4,"minecraft:bamboo":1,"minecraft:stone":45,"minecraft:deepslate":61},"minecraft:dropped":{"minecraft:gravel":1,"minecraft:bread":6,"minecraft:stone_axe":1,"minecraft:kelp":7,"minecraft:wheat_seeds":1,"minecraft:cobbled_deepslate":2,"minecraft:bowl":5,"minecraft:golden_horse_armor":1,"minecraft:tuff":1,"minecraft:rotten_flesh":8,"minecraft:granite":1,"minecraft:rail":1,"minecraft:coal":2,"minecraft:flint":2,"minecraft:stick":2,"minecraft:light_weighted_pressure_plate":2,"minecraft:leather_chestplate":1,"minecraft:potato":4,"minecraft:gunpowder":7,"minecraft:spruce_planks":1,"minecraft:fire_charge":1,"minecraft:golden_hoe":1,"minecraft:arrow":9,"minecraft:stone_pickaxe":2,"minecraft:wooden_pickaxe":1,"minecraft:iron_pickaxe":1,"minecraft:paper":10},"minecraft:crafted":{"minecraft:golden_carrot":2,"minecraft:oak_planks":60,"minecraft:crafting_table":2,"minecraft:spruce_planks":12,"minecraft:wooden_pickaxe":1,"minecraft:iron_helmet":1,"minecraft:bowl":4,"minecraft:furnace":2,"minecraft:stone_axe":1,"minecraft:bread":10,"minecraft:cooked_mutton":20,"minecraft:air":0,"minecraft:diamond_pickaxe":1,"minecraft:shield":1,"minecraft:iron_axe":1,"minecraft:stick":20,"minecraft:iron_ingot":18,"minecraft:iron_pickaxe":1,"minecraft:stone_pickaxe":1,"minecraft:spruce_boat":1},"minecraft:broken":{"minecraft:golden_axe":1,"minecraft:golden_boots":1}},"DataVersion":3953}