{"stats":{"minecraft:dropped":{"minecraft:enchanted_book":2,"minecraft:iron_sword":1,"minecraft:soul_sand":82,"minecraft:porkchop":15,"minecraft:golden_helmet":1,"minecraft:crossbow":1,"minecraft:cobblestone":2,"minecraft:iron_helmet":2,"minecraft:spectral_arrow":53,"minecraft:granite":2,"minecraft:cracked_stone_bricks":3,"minecraft:stick":5,"minecraft:cracked_polished_blackstone_bricks":14,"minecraft:gray_wool":1,"minecraft:mutton":7,"minecraft:potion":2,"minecraft:fire_charge":8,"minecraft:iron_leggings":2,"minecraft:polished_blackstone_bricks":2,"minecraft:iron_pickaxe":1,"minecraft:string":14,"minecraft:gold_ingot":126,"minecraft:stone_brick_slab":2,"minecraft:gravel":185,"minecraft:stone_axe":1,"minecraft:blackstone":13,"minecraft:soul_soil":3,"minecraft:nether_brick":19,"minecraft:tuff":5,"minecraft:rotten_flesh":2,"minecraft:iron_boots":2,"minecraft:nether_brick_fence":1,"minecraft:nether_bricks":38,"minecraft:mossy_stone_bricks":1,"minecraft:birch_door":3,"minecraft:basalt":2,"minecraft:birch_boat":1,"minecraft:bow":1,"minecraft:arrow":2,"minecraft:wooden_pickaxe":1,"minecraft:stone_pickaxe":1,"minecraft:crying_obsidian":12,"minecraft:quartz":44,"minecraft:netherrack":6,"minecraft:black_wool":1},"minecraft:broken":{"minecraft:iron_sword":1},"minecraft:picked_up":{"minecraft:shulker_shell":18,"minecraft:crafting_table":11,"minecraft:cocoa_beans":5,"minecraft:iron_chestplate":1,"minecraft:birch_door":17,"minecraft:splash_potion":1,"minecraft:nether_brick_fence":1,"minecraft:enchanted_book":2,"minecraft:gold_block":19,"minecraft:potion":5,"minecraft:nether_brick":19,"minecraft:brewing_stand":1,"minecraft:purpur_block":10,"minecraft:shield":1,"minecraft:string":15,"minecraft:elytra":2,"minecraft:soul_soil":6,"minecraft:iron_axe":1,"minecraft:flint_and_steel":1,"minecraft:iron_leggings":2,"minecraft:blackstone":150,"minecraft:cracked_stone_bricks":3,"minecraft:gold_nugget":94,"minecraft:cobbled_deepslate":48,"minecraft:bucket":1,"minecraft:beef":73,"minecraft:ender_eye":6,"minecraft:iron_pickaxe":1,"minecraft:sugar_cane":44,"minecraft:chest":2,"minecraft:birch_sapling":2,"minecraft:iron_boots":2,"minecraft:furnace":4,"minecraft:stick":3,"minecraft:raw_iron":102,"minecraft:end_stone":110,"minecraft:torch":3,"minecraft:fire_charge":18,"minecraft:porkchop":20,"minecraft:polished_blackstone_bricks":22,"minecraft:arrow":10,"minecraft:rotten_flesh":6,"minecraft:nether_bricks":100,"minecraft:purpur_slab":3,"minecraft:end_rod":2,"minecraft:gold_ingot":7,"minecraft:blaze_rod":14,"minecraft:mutton":14,"minecraft:obsidian":15,"minecraft:iron_bars":2,"minecraft:white_wool":6,"minecraft:bone_block":34,"minecraft:cobblestone":42,"minecraft:birch_log":19,"minecraft:basalt":2,"minecraft:glow_ink_sac":6,"minecraft:jungle_log":21,"minecraft:leather":60,"minecraft:birch_planks":48,"minecraft:tuff":5,"minecraft:gunpowder":16,"minecraft:dirt":24,"minecraft:bone":27,"minecraft:stone_bricks":23,"minecraft:bow":1,"minecraft:iron_ingot":17,"minecraft:mossy_stone_bricks":1,"minecraft:bamboo":35,"minecraft:iron_sword":2,"minecraft:oak_planks":6,"minecraft:soul_sand":82,"minecraft:book":1179,"minecraft:birch_boat":12,"minecraft:stone_brick_slab":3,"minecraft:quartz":44,"minecraft:gravel":185,"minecraft:crying_obsidian":12,"minecraft:spectral_arrow":107,"minecraft:dragon_egg":1,"minecraft:shulker_box":3,"minecraft:diamond":41,"minecraft:cracked_polished_blackstone_bricks":14,"minecraft:iron_helmet":1,"minecraft:crossbow":1,"minecraft:granite":2,"minecraft:golden_apple":1,"minecraft:gray_wool":1,"minecraft:bread":6,"minecraft:netherrack":189,"minecraft:black_wool":1,"minecraft:coal":63,"minecraft:ender_pearl":33,"minecraft:end_stone_bricks":12,"minecraft:diamond_pickaxe":1},"minecraft:custom":{"minecraft:mob_kills":217,"minecraft:interact_with_crafting_table":42,"minecraft:open_shulker_box":5,"minecraft:leave_game":7,"minecraft:time_since_death":176837,"minecraft:climb_one_cm":3670,"minecraft:sprint_one_cm":716673,"minecraft:walk_one_cm":238840,"minecraft:damage_blocked_by_shield":2192,"minecraft:drop":103,"minecraft:play_time":238640,"minecraft:deaths":1,"minecraft:sneak_time":28976,"minecraft:walk_under_water_one_cm":20700,"minecraft:boat_one_cm":145350,"minecraft:jump":5283,"minecraft:walk_on_water_one_cm":34235,"minecraft:total_world_time":238640,"minecraft:interact_with_furnace":24,"minecraft:time_since_rest":176918,"minecraft:open_enderchest":3,"minecraft:damage_taken":10978,"minecraft:damage_absorbed":80,"minecraft:damage_dealt":53694,"minecraft:swim_one_cm":128534,"minecraft:fly_one_cm":3772808,"minecraft:open_chest":106,"minecraft:crouch_one_cm":92772,"minecraft:aviate_one_cm":3023180,"minecraft:fall_one_cm":185184},"minecraft:crafted":{"minecraft:blaze_powder":16,"minecraft:birch_boat":2,"minecraft:furnace":4,"minecraft:jungle_trapdoor":2,"minecraft:shulker_box":2,"minecraft:iron_boots":2,"minecraft:iron_axe":1,"minecraft:stone_pickaxe":1,"minecraft:chest":8,"minecraft:birch_door":3,"minecraft:ender_eye":16,"minecraft:golden_helmet":1,"minecraft:cooked_beef":41,"minecraft:diamond_sword":1,"minecraft:diamond_axe":1,"minecraft:crafting_table":5,"minecraft:wooden_pickaxe":1,"minecraft:iron_helmet":3,"minecraft:iron_sword":2,"minecraft:bucket":1,"minecraft:birch_planks":76,"minecraft:stone_axe":1,"minecraft:air":0,"minecraft:jungle_planks":84,"minecraft:iron_chestplate":1,"minecraft:paper":12,"minecraft:diamond_pickaxe":1,"minecraft:shield":1,"minecraft:stick":32,"minecraft:iron_pickaxe":1,"minecraft:iron_ingot":38,"minecraft:gold_ingot":116,"minecraft:iron_leggings":2,"minecraft:white_bed":1,"minecraft:torch":32,"minecraft:firework_rocket":36,"minecraft:diamond_chestplate":1},"minecraft:mined":{"minecraft:nether_gold_ore":21,"minecraft:tuff":11,"minecraft:deepslate_diamond_ore":22,"minecraft:jungle_leaves":1,"minecraft:brewing_stand":1,"minecraft:shulker_box":3,"minecraft:end_stone":117,"minecraft:obsidian":4,"minecraft:nether_bricks":84,"minecraft:glow_lichen":1,"minecraft:granite":2,"minecraft:chiseled_polished_blackstone":5,"minecraft:grass_block":4,"minecraft:jungle_log":21,"minecraft:crimson_roots":1,"minecraft:cracked_polished_blackstone_bricks":17,"minecraft:soul_soil":3,"minecraft:purpur_slab":3,"minecraft:tall_seagrass":2,"minecraft:polished_blackstone_bricks":41,"minecraft:furnace":2,"minecraft:fire":20,"minecraft:iron_ore":69,"minecraft:cobbled_deepslate":1,"minecraft:andesite":21,"minecraft:gold_block":18,"minecraft:nether_brick_fence":1,"minecraft:bookshelf":394,"minecraft:vine":6,"minecraft:deepslate_iron_ore":3,"minecraft:iron_bars":3,"minecraft:bamboo":7,"minecraft:end_stone_bricks":12,"minecraft:stone":92,"minecraft:bone_block":17,"minecraft:blackstone":109,"minecraft:infested_stone_bricks":1,"minecraft:soul_fire":1,"minecraft:basalt":7,"minecraft:stone_brick_slab":6,"minecraft:crafting_table":10,"minecraft:torch":2,"minecraft:blackstone_slab":4,"minecraft:chest":2,"minecraft:nether_quartz_ore":4,"minecraft:copper_ore":2,"minecraft:cobblestone":1,"minecraft:oak_planks":6,"minecraft:sugar_cane":11,"minecraft:diorite":7,"minecraft:wall_torch":1,"minecraft:seagrass":2,"minecraft:birch_planks":2,"minecraft:birch_log":19,"minecraft:birch_leaves":4,"minecraft:birch_door":14,"minecraft:purpur_block":10,"minecraft:grass":3,"minecraft:coal_ore":28,"minecraft:end_rod":2,"minecraft:dirt":20,"minecraft:cobweb":5,"minecraft:cracked_stone_bricks":4,"minecraft:stone_bricks":23,"minecraft:netherrack":151,"minecraft:mossy_stone_bricks":1,"minecraft:oak_leaves":4,"minecraft:deepslate":59},"minecraft:used":{"minecraft:netherite_sword":10,"minecraft:iron_bars":1,"minecraft:flint_and_steel":2,"minecraft:elytra":19,"minecraft:chest":7,"minecraft:shield":66,"minecraft:iron_sword":275,"minecraft:netherrack":146,"minecraft:torch":7,"minecraft:dirt":24,"minecraft:nether_bricks":62,"minecraft:jungle_planks":1,"minecraft:shulker_box":3,"minecraft:jungle_trapdoor":1,"minecraft:obsidian":10,"minecraft:birch_door":14,"minecraft:lava_bucket":10,"minecraft:iron_axe":117,"minecraft:iron_helmet":2,"minecraft:iron_boots":1,"minecraft:stone_bricks":20,"minecraft:diamond_chestplate":15,"minecraft:bow":43,"minecraft:golden_carrot":30,"minecraft:furnace":4,"minecraft:cooked_beef":41,"minecraft:cobbled_deepslate":32,"minecraft:iron_leggings":1,"minecraft:water_bucket":18,"minecraft:birch_planks":29,"minecraft:stone_pickaxe":88,"minecraft:wooden_pickaxe":15,"minecraft:oak_planks":3,"minecraft:blackstone":146,"minecraft:ender_pearl":14,"minecraft:birch_boat":10,"minecraft:diamond_axe":445,"minecraft:polished_blackstone_bricks":19,"minecraft:golden_apple":2,"minecraft:crafting_table":13,"minecraft:crossbow":57,"minecraft:white_bed":1,"minecraft:end_stone":69,"minecraft:ender_eye":22,"minecraft:diamond_pickaxe":754,"minecraft:firework_rocket":36,"minecraft:diamond_shovel":14,"minecraft:bread":89,"minecraft:iron_pickaxe":135,"minecraft:purpur_slab":1,"minecraft:golden_helmet":1,"minecraft:stone_axe":75,"minecraft:diamond_sword":412,"minecraft:cobblestone":195,"minecraft:cooked_porkchop":5,"minecraft:bucket":28},"minecraft:killed":{"minecraft:spider":4,"minecraft:shulker":43,"minecraft:skeleton":14,"minecraft:silverfish":3,"minecraft:piglin_brute":8,"minecraft:piglin":24,"minecraft:pig":2,"minecraft:ender_dragon":1,"minecraft:hoglin":4,"minecraft:creeper":6,"minecraft:sheep":5,"minecraft:zombie":9,"minecraft:ghast":1,"minecraft:blaze":37,"minecraft:enderman":35,"minecraft:cow":20}},"DataVersion":3465}