{"stats":{"minecraft:mined":{"minecraft:spruce_planks":1,"minecraft:jungle_planks":4,"minecraft:packed_ice":4,"minecraft:ice":1,"minecraft:spruce_log":3,"minecraft:crafting_table":1},"minecraft:custom":{"minecraft:time_since_rest":11456,"minecraft:open_chest":3,"minecraft:crouch_one_cm":334,"minecraft:sprint_one_cm":60188,"minecraft:play_time":36286,"minecraft:deaths":4,"minecraft:damage_taken":1278,"minecraft:walk_one_cm":22980,"minecraft:sneak_time":829,"minecraft:walk_under_water_one_cm":26693,"minecraft:boat_one_cm":24970,"minecraft:drop":3,"minecraft:jump":822,"minecraft:damage_dealt":451,"minecraft:leave_game":2,"minecraft:walk_on_water_one_cm":16362,"minecraft:time_since_death":11419,"minecraft:total_world_time":36286,"minecraft:interact_with_crafting_table":1,"minecraft:swim_one_cm":96388,"minecraft:fall_one_cm":1832,"minecraft:fly_one_cm":327620,"minecraft:player_kills":1},"minecraft:killed_by":{"minecraft:polar_bear":3},"minecraft:crafted":{"minecraft:spruce_boat":1,"minecraft:crafting_table":1,"minecraft:spruce_planks":12},"minecraft:used":{"minecraft:rotten_flesh":10,"minecraft:spruce_boat":1,"minecraft:fire_charge":1,"minecraft:crafting_table":1,"minecraft:jungle_planks":2,"minecraft:suspicious_stew":1,"minecraft:golden_chestplate":1,"minecraft:golden_axe":9},"minecraft:picked_up":{"minecraft:crafting_table":1,"minecraft:spruce_planks":1,"minecraft:jungle_planks":4,"minecraft:spruce_log":3},"minecraft:dropped":{"minecraft:potato":4,"minecraft:bowl":1,"minecraft:coal":2}},"DataVersion":3953}