{"stats":{"minecraft:mined":{"minecraft:spruce_planks":1,"minecraft:ice":1,"minecraft:spruce_log":3,"minecraft:crafting_table":2,"minecraft:jungle_planks":4,"minecraft:packed_ice":4},"minecraft:custom":{"minecraft:time_since_rest":23456,"minecraft:sprint_one_cm":72341,"minecraft:walk_one_cm":26674,"minecraft:damage_taken":1308,"minecraft:mob_kills":8,"minecraft:drop":3,"minecraft:damage_dealt":691,"minecraft:swim_one_cm":116974,"minecraft:interact_with_crafting_table":3,"minecraft:fly_one_cm":361401,"minecraft:player_kills":1,"minecraft:open_chest":5,"minecraft:crouch_one_cm":337,"minecraft:play_time":48286,"minecraft:deaths":4,"minecraft:sneak_time":981,"minecraft:walk_under_water_one_cm":34625,"minecraft:boat_one_cm":241791,"minecraft:jump":945,"minecraft:leave_game":2,"minecraft:time_since_death":23419,"minecraft:walk_on_water_one_cm":21079,"minecraft:total_world_time":48286,"minecraft:fall_one_cm":5447},"minecraft:killed":{"minecraft:salmon":8},"minecraft:killed_by":{"minecraft:polar_bear":3},"minecraft:crafted":{"minecraft:crafting_table":1,"minecraft:spruce_planks":12,"minecraft:bowl":4,"minecraft:spruce_boat":1,"minecraft:bread":6},"minecraft:used":{"minecraft:spruce_boat":4,"minecraft:suspicious_stew":1,"minecraft:rotten_flesh":12,"minecraft:fire_charge":1,"minecraft:crafting_table":2,"minecraft:mushroom_stew":2,"minecraft:jungle_planks":2,"minecraft:golden_chestplate":1,"minecraft:golden_axe":18},"minecraft:picked_up":{"minecraft:crafting_table":2,"minecraft:salmon":8,"minecraft:jungle_planks":4,"minecraft:spruce_log":3,"minecraft:spruce_boat":3,"minecraft:spruce_planks":1},"minecraft:dropped":{"minecraft:potato":4,"minecraft:bowl":1,"minecraft:coal":2}},"DataVersion":3953}