{"stats":{"minecraft:mined":{"minecraft:spruce_log":10,"minecraft:crafting_table":2,"minecraft:grass_block":3,"minecraft:coal_ore":18,"minecraft:sand":1,"minecraft:dirt":6,"minecraft:packed_ice":1,"minecraft:spruce_leaves":10,"minecraft:stone":6,"minecraft:sugar_cane":3},"minecraft:custom":{"minecraft:time_since_rest":13533,"minecraft:sprint_one_cm":57754,"minecraft:damage_taken":800,"minecraft:walk_one_cm":19529,"minecraft:mob_kills":6,"minecraft:damage_dealt":926,"minecraft:interact_with_crafting_table":2,"minecraft:swim_one_cm":52218,"minecraft:fly_one_cm":162661,"minecraft:open_chest":3,"minecraft:play_time":20389,"minecraft:deaths":3,"minecraft:sneak_time":166,"minecraft:walk_under_water_one_cm":7923,"minecraft:jump":436,"minecraft:leave_game":2,"minecraft:time_since_death":13503,"minecraft:walk_on_water_one_cm":11086,"minecraft:total_world_time":20389,"minecraft:fall_one_cm":5554},"minecraft:killed":{"minecraft:sheep":3,"minecraft:pig":2,"minecraft:cow":1},"minecraft:killed_by":{"minecraft:player":1},"minecraft:crafted":{"minecraft:crafting_table":1,"minecraft:spruce_planks":20,"minecraft:stick":8,"minecraft:wooden_pickaxe":1,"minecraft:stone_pickaxe":1,"minecraft:wooden_axe":1,"minecraft:torch":8},"minecraft:used":{"minecraft:wooden_axe":26,"minecraft:stone_pickaxe":4,"minecraft:map":2,"minecraft:wooden_pickaxe":23,"minecraft:torch":1,"minecraft:mutton":1,"minecraft:beef":2,"minecraft:crafting_table":2,"minecraft:porkchop":2},"minecraft:picked_up":{"minecraft:crafting_table":2,"minecraft:leather":1,"minecraft:porkchop":3,"minecraft:spruce_log":10,"minecraft:dirt":9,"minecraft:beef":2,"minecraft:sugar_cane":16,"minecraft:mutton":3,"minecraft:coal":18,"minecraft:white_wool":3,"minecraft:cobblestone":6}},"DataVersion":3953}