{"stats":{"minecraft:mined":{"minecraft:white_bed":1,"minecraft:crafting_table":4,"minecraft:torch":1,"minecraft:granite":14,"minecraft:grass_block":3,"minecraft:spruce_leaves":13,"minecraft:sugar_cane":7,"minecraft:wall_torch":2,"minecraft:large_fern":2,"minecraft:furnace":2,"minecraft:iron_ore":28,"minecraft:spruce_log":10,"minecraft:andesite":2,"minecraft:coal_ore":35,"minecraft:sand":1,"minecraft:dirt":15,"minecraft:packed_ice":1,"minecraft:stone":20},"minecraft:custom":{"minecraft:interact_with_furnace":14,"minecraft:mob_kills":17,"minecraft:interact_with_crafting_table":10,"minecraft:leave_game":2,"minecraft:time_since_death":37503,"minecraft:sleep_in_bed":2,"minecraft:time_since_rest":2181,"minecraft:sprint_one_cm":136019,"minecraft:damage_taken":960,"minecraft:walk_one_cm":68756,"minecraft:damage_dealt":2571,"minecraft:swim_one_cm":52218,"minecraft:fly_one_cm":261021,"minecraft:open_chest":3,"minecraft:play_time":44389,"minecraft:deaths":3,"minecraft:sneak_time":166,"minecraft:walk_under_water_one_cm":9129,"minecraft:jump":906,"minecraft:walk_on_water_one_cm":13481,"minecraft:total_world_time":44389,"minecraft:fall_one_cm":18487},"minecraft:killed":{"minecraft:pig":7,"minecraft:spider":1,"minecraft:sheep":4,"minecraft:zombie":4,"minecraft:cow":1},"minecraft:killed_by":{"minecraft:player":1},"minecraft:crafted":{"minecraft:cooked_porkchop":5,"minecraft:crafting_table":1,"minecraft:spruce_planks":20,"minecraft:wooden_pickaxe":1,"minecraft:cooked_chicken":1,"minecraft:iron_sword":1,"minecraft:furnace":1,"minecraft:cooked_mutton":2,"minecraft:bread":2,"minecraft:iron_boots":1,"minecraft:iron_chestplate":1,"minecraft:stick":12,"minecraft:iron_ingot":25,"minecraft:iron_pickaxe":1,"minecraft:stone_pickaxe":1,"minecraft:wooden_axe":1,"minecraft:iron_leggings":1,"minecraft:white_bed":1,"minecraft:torch":8},"minecraft:used":{"minecraft:stone_pickaxe":43,"minecraft:wooden_pickaxe":23,"minecraft:iron_sword":32,"minecraft:cooked_chicken":1,"minecraft:iron_chestplate":1,"minecraft:torch":10,"minecraft:dirt":13,"minecraft:mutton":3,"minecraft:crafting_table":4,"minecraft:white_bed":1,"minecraft:wooden_axe":31,"minecraft:bread":2,"minecraft:iron_pickaxe":39,"minecraft:map":2,"minecraft:iron_boots":1,"minecraft:beef":2,"minecraft:furnace":2,"minecraft:porkchop":8,"minecraft:iron_leggings":1},"minecraft:picked_up":{"minecraft:crafting_table":4,"minecraft:chicken":1,"minecraft:andesite":4,"minecraft:leather":1,"minecraft:dirt":17,"minecraft:wheat_seeds":1,"minecraft:beef":2,"minecraft:light_gray_wool":1,"minecraft:sugar_cane":32,"minecraft:furnace":2,"minecraft:raw_iron":28,"minecraft:torch":3,"minecraft:porkchop":13,"minecraft:white_bed":1,"minecraft:spruce_log":10,"minecraft:rotten_flesh":3,"minecraft:granite":14,"minecraft:mutton":5,"minecraft:coal":104,"minecraft:white_wool":3,"minecraft:cobblestone":19}},"DataVersion":3953}