{"stats":{"minecraft:custom":{"minecraft:jump":147,"minecraft:time_since_rest":1533,"minecraft:damage_dealt":385,"minecraft:damage_taken":725,"minecraft:leave_game":2,"minecraft:play_time":8389,"minecraft:time_since_death":1503,"minecraft:sprint_one_cm":13050,"minecraft:walk_one_cm":6146,"minecraft:walk_on_water_one_cm":8416,"minecraft:deaths":3,"minecraft:sneak_time":98,"minecraft:total_world_time":8389,"minecraft:walk_under_water_one_cm":5083,"minecraft:swim_one_cm":37939,"minecraft:fall_one_cm":211,"minecraft:fly_one_cm":63673},"minecraft:killed_by":{"minecraft:player":1}},"DataVersion":3953}