{"stats":{"minecraft:mined":{"minecraft:furnace":1,"minecraft:iron_ore":7,"minecraft:spruce_log":10,"minecraft:andesite":2,"minecraft:torch":1,"minecraft:crafting_table":3,"minecraft:granite":14,"minecraft:grass_block":3,"minecraft:coal_ore":35,"minecraft:sand":1,"minecraft:dirt":15,"minecraft:packed_ice":1,"minecraft:spruce_leaves":10,"minecraft:stone":15,"minecraft:sugar_cane":7,"minecraft:wall_torch":2},"minecraft:custom":{"minecraft:time_since_rest":25533,"minecraft:interact_with_furnace":5,"minecraft:sprint_one_cm":89842,"minecraft:damage_taken":880,"minecraft:walk_one_cm":37625,"minecraft:mob_kills":8,"minecraft:damage_dealt":1126,"minecraft:interact_with_crafting_table":5,"minecraft:swim_one_cm":52218,"minecraft:fly_one_cm":212505,"minecraft:open_chest":3,"minecraft:play_time":32389,"minecraft:deaths":3,"minecraft:sneak_time":166,"minecraft:walk_under_water_one_cm":9095,"minecraft:jump":660,"minecraft:leave_game":2,"minecraft:time_since_death":25503,"minecraft:walk_on_water_one_cm":13342,"minecraft:total_world_time":32389,"minecraft:fall_one_cm":13367},"minecraft:killed":{"minecraft:sheep":3,"minecraft:pig":4,"minecraft:cow":1},"minecraft:killed_by":{"minecraft:player":1},"minecraft:crafted":{"minecraft:crafting_table":1,"minecraft:spruce_planks":20,"minecraft:stick":12,"minecraft:iron_pickaxe":1,"minecraft:cooked_chicken":1,"minecraft:iron_ingot":5,"minecraft:wooden_pickaxe":1,"minecraft:stone_pickaxe":1,"minecraft:wooden_axe":1,"minecraft:iron_sword":1,"minecraft:furnace":1,"minecraft:torch":8},"minecraft:used":{"minecraft:wooden_axe":31,"minecraft:stone_pickaxe":43,"minecraft:iron_pickaxe":12,"minecraft:map":2,"minecraft:wooden_pickaxe":23,"minecraft:cooked_chicken":1,"minecraft:torch":6,"minecraft:dirt":12,"minecraft:mutton":3,"minecraft:beef":2,"minecraft:crafting_table":3,"minecraft:furnace":1,"minecraft:porkchop":6},"minecraft:picked_up":{"minecraft:raw_iron":7,"minecraft:crafting_table":3,"minecraft:chicken":1,"minecraft:andesite":4,"minecraft:leather":1,"minecraft:torch":3,"minecraft:porkchop":6,"minecraft:spruce_log":10,"minecraft:dirt":17,"minecraft:granite":14,"minecraft:beef":2,"minecraft:sugar_cane":32,"minecraft:mutton":3,"minecraft:coal":68,"minecraft:white_wool":3,"minecraft:cobblestone":15,"minecraft:furnace":1}},"DataVersion":3953}