{"stats":{"minecraft:custom":{"minecraft:time_since_rest":18000,"minecraft:interact_with_furnace":3,"minecraft:sprint_one_cm":59784,"minecraft:damage_taken":415,"minecraft:walk_one_cm":28938,"minecraft:mob_kills":4,"minecraft:damage_dealt":835,"minecraft:interact_with_crafting_table":1,"minecraft:fly_one_cm":39938,"minecraft:open_chest":2,"minecraft:crouch_one_cm":34,"minecraft:play_time":18000,"minecraft:sneak_time":28,"minecraft:jump":349,"minecraft:time_since_death":18000,"minecraft:walk_on_water_one_cm":508,"minecraft:climb_one_cm":588,"minecraft:total_world_time":18000,"minecraft:fall_one_cm":9339},"minecraft:mined":{"minecraft:iron_ore":58,"minecraft:medium_amethyst_bud":1,"minecraft:cobblestone_stairs":1,"minecraft:amethyst_cluster":1,"minecraft:emerald_ore":1,"minecraft:oak_log":1,"minecraft:coal_ore":20,"minecraft:gravel":2,"minecraft:cobblestone":1,"minecraft:cracked_stone_bricks":4,"minecraft:stone_bricks":13,"minecraft:stone":11,"minecraft:mossy_stone_bricks":3,"minecraft:iron_door":3,"minecraft:deepslate":5},"minecraft:killed":{"minecraft:pig":1,"minecraft:zombie":2,"minecraft:chicken":1},"minecraft:picked_up":{"minecraft:raw_iron":58,"minecraft:feather":1,"minecraft:chicken":1,"minecraft:iron_door":3,"minecraft:porkchop":2,"minecraft:amethyst_shard":4,"minecraft:oak_log":1,"minecraft:cobblestone_stairs":1,"minecraft:rotten_flesh":4,"minecraft:stone_bricks":13,"minecraft:cracked_stone_bricks":4,"minecraft:cobbled_deepslate":4,"minecraft:mossy_stone_bricks":3,"minecraft:bread":14,"minecraft:emerald":1,"minecraft:coal":20,"minecraft:cobblestone":12},"minecraft:used":{"minecraft:cobblestone_stairs":1,"minecraft:chicken":1,"minecraft:bread":6,"minecraft:iron_pickaxe":154,"minecraft:iron_door":1,"minecraft:crafting_table":1,"minecraft:furnace":1,"minecraft:porkchop":1,"minecraft:cobbled_deepslate":1},"minecraft:crafted":{"minecraft:oak_planks":4,"minecraft:crafting_table":1,"minecraft:iron_ingot":7,"minecraft:furnace":1}},"DataVersion":3465}