{"stats":{"minecraft:mined":{"minecraft:white_bed":2,"minecraft:deepslate_diamond_ore":7,"minecraft:crafting_table":4,"minecraft:torch":1,"minecraft:granite":14,"minecraft:grass_block":3,"minecraft:spruce_leaves":13,"minecraft:sugar_cane":7,"minecraft:wall_torch":4,"minecraft:large_fern":2,"minecraft:redstone_ore":1,"minecraft:furnace":2,"minecraft:iron_ore":32,"minecraft:spruce_log":10,"minecraft:andesite":2,"minecraft:coal_ore":35,"minecraft:deepslate_iron_ore":15,"minecraft:sand":1,"minecraft:dirt":16,"minecraft:packed_ice":1,"minecraft:stone":22,"minecraft:deepslate":10},"minecraft:custom":{"minecraft:interact_with_furnace":14,"minecraft:mob_kills":39,"minecraft:interact_with_crafting_table":14,"minecraft:leave_game":2,"minecraft:time_since_death":49503,"minecraft:sleep_in_bed":2,"minecraft:time_since_rest":14181,"minecraft:sprint_one_cm":169428,"minecraft:damage_taken":1690,"minecraft:walk_one_cm":91770,"minecraft:damage_dealt":6637,"minecraft:swim_one_cm":52218,"minecraft:fly_one_cm":304203,"minecraft:open_chest":3,"minecraft:play_time":56389,"minecraft:deaths":3,"minecraft:sneak_time":166,"minecraft:walk_under_water_one_cm":9267,"minecraft:jump":1123,"minecraft:walk_on_water_one_cm":18648,"minecraft:total_world_time":56389,"minecraft:fall_one_cm":23538},"minecraft:killed":{"minecraft:pig":7,"minecraft:spider":3,"minecraft:sheep":4,"minecraft:skeleton":3,"minecraft:zombie":20,"minecraft:cow":1},"minecraft:killed_by":{"minecraft:player":1},"minecraft:crafted":{"minecraft:diamond_sword":1,"minecraft:cooked_porkchop":5,"minecraft:crafting_table":2,"minecraft:spruce_planks":32,"minecraft:wooden_pickaxe":1,"minecraft:cooked_chicken":1,"minecraft:iron_sword":1,"minecraft:furnace":1,"minecraft:cooked_mutton":2,"minecraft:bread":2,"minecraft:diamond_pickaxe":1,"minecraft:iron_boots":1,"minecraft:iron_chestplate":1,"minecraft:stick":24,"minecraft:iron_ingot":25,"minecraft:iron_pickaxe":1,"minecraft:stone_pickaxe":1,"minecraft:wooden_axe":1,"minecraft:iron_leggings":1,"minecraft:white_bed":1,"minecraft:torch":44},"minecraft:used":{"minecraft:cooked_mutton":2,"minecraft:stone_pickaxe":44,"minecraft:wooden_pickaxe":23,"minecraft:iron_sword":92,"minecraft:cooked_chicken":1,"minecraft:iron_chestplate":1,"minecraft:torch":26,"minecraft:dirt":15,"minecraft:mutton":3,"minecraft:crafting_table":6,"minecraft:white_bed":3,"minecraft:wooden_axe":31,"minecraft:bread":2,"minecraft:iron_pickaxe":77,"minecraft:map":2,"minecraft:iron_boots":1,"minecraft:diamond_sword":25,"minecraft:beef":2,"minecraft:cooked_porkchop":5,"minecraft:furnace":2,"minecraft:porkchop":8,"minecraft:iron_leggings":1},"minecraft:picked_up":{"minecraft:crafting_table":4,"minecraft:chicken":1,"minecraft:andesite":4,"minecraft:leather":1,"minecraft:gunpowder":2,"minecraft:string":3,"minecraft:dirt":18,"minecraft:bone":4,"minecraft:wheat_seeds":1,"minecraft:cobbled_deepslate":12,"minecraft:beef":2,"minecraft:light_gray_wool":1,"minecraft:sugar_cane":32,"minecraft:furnace":2,"minecraft:raw_iron":47,"minecraft:torch":5,"minecraft:porkchop":13,"minecraft:white_bed":2,"minecraft:spruce_log":10,"minecraft:redstone":4,"minecraft:arrow":3,"minecraft:rotten_flesh":13,"minecraft:diamond":7,"minecraft:granite":14,"minecraft:mutton":5,"minecraft:coal":104,"minecraft:white_wool":3,"minecraft:cobblestone":21}},"DataVersion":3953}