{"stats":{"minecraft:custom":{"minecraft:time_since_rest":22164,"minecraft:interact_with_furnace":14,"minecraft:sprint_one_cm":74340,"minecraft:damage_taken":520,"minecraft:walk_one_cm":34713,"minecraft:mob_kills":5,"minecraft:damage_dealt":903,"minecraft:interact_with_crafting_table":7,"minecraft:fly_one_cm":52456,"minecraft:open_chest":2,"minecraft:crouch_one_cm":34,"minecraft:play_time":22164,"minecraft:sneak_time":28,"minecraft:jump":448,"minecraft:leave_game":1,"minecraft:time_since_death":22164,"minecraft:walk_on_water_one_cm":508,"minecraft:climb_one_cm":588,"minecraft:total_world_time":22164,"minecraft:fall_one_cm":13265},"minecraft:mined":{"minecraft:furnace":1,"minecraft:iron_ore":62,"minecraft:medium_amethyst_bud":1,"minecraft:cobblestone_stairs":1,"minecraft:amethyst_cluster":1,"minecraft:crafting_table":1,"minecraft:grass":1,"minecraft:emerald_ore":1,"minecraft:oak_log":2,"minecraft:coal_ore":20,"minecraft:gravel":2,"minecraft:cobblestone":1,"minecraft:cracked_stone_bricks":4,"minecraft:stone_bricks":13,"minecraft:stone":11,"minecraft:mossy_stone_bricks":3,"minecraft:iron_door":3,"minecraft:deepslate":5},"minecraft:killed":{"minecraft:skeleton":1,"minecraft:pig":1,"minecraft:zombie":2,"minecraft:chicken":1},"minecraft:picked_up":{"minecraft:crafting_table":1,"minecraft:raw_iron":98,"minecraft:feather":1,"minecraft:chicken":1,"minecraft:iron_door":3,"minecraft:porkchop":2,"minecraft:amethyst_shard":4,"minecraft:oak_log":2,"minecraft:cobblestone_stairs":1,"minecraft:bone":1,"minecraft:arrow":1,"minecraft:rotten_flesh":4,"minecraft:stone_bricks":13,"minecraft:cracked_stone_bricks":4,"minecraft:cobbled_deepslate":4,"minecraft:mossy_stone_bricks":3,"minecraft:bread":14,"minecraft:emerald":1,"minecraft:coal":36,"minecraft:cobblestone":12,"minecraft:furnace":1},"minecraft:used":{"minecraft:cobblestone_stairs":1,"minecraft:chicken":1,"minecraft:bread":8,"minecraft:iron_pickaxe":159,"minecraft:iron_sword":1,"minecraft:iron_door":1,"minecraft:crafting_table":1,"minecraft:furnace":1,"minecraft:porkchop":2,"minecraft:cobbled_deepslate":1},"minecraft:crafted":{"minecraft:oak_planks":8,"minecraft:iron_boots":1,"minecraft:iron_chestplate":1,"minecraft:crafting_table":1,"minecraft:stick":8,"minecraft:iron_ingot":26,"minecraft:iron_helmet":1,"minecraft:iron_sword":1,"minecraft:iron_leggings":1,"minecraft:furnace":1}},"DataVersion":3465}