{"stats":{"minecraft:custom":{"minecraft:jump":44,"minecraft:time_since_rest":1224,"minecraft:leave_game":1,"minecraft:damage_dealt":168,"minecraft:deaths":1,"minecraft:damage_taken":240,"minecraft:sprint_one_cm":2388,"minecraft:play_time":2616,"minecraft:walk_on_water_one_cm":3171,"minecraft:time_since_death":1199,"minecraft:walk_one_cm":474,"minecraft:sneak_time":52,"minecraft:total_world_time":2616,"minecraft:walk_under_water_one_cm":3295,"minecraft:swim_one_cm":8553,"minecraft:fly_one_cm":17051}},"DataVersion":3953}