{"stats":{"minecraft:mined":{"minecraft:white_bed":2,"minecraft:deepslate_diamond_ore":7,"minecraft:crafting_table":4,"minecraft:torch":1,"minecraft:granite":18,"minecraft:grass_block":3,"minecraft:spruce_leaves":13,"minecraft:sugar_cane":7,"minecraft:wall_torch":4,"minecraft:large_fern":2,"minecraft:redstone_ore":1,"minecraft:furnace":2,"minecraft:cobbled_deepslate":1,"minecraft:iron_ore":32,"minecraft:spruce_log":10,"minecraft:andesite":2,"minecraft:coal_ore":35,"minecraft:deepslate_iron_ore":15,"minecraft:sand":1,"minecraft:dirt":18,"minecraft:packed_ice":1,"minecraft:stone":22,"minecraft:deepslate":14},"minecraft:custom":{"minecraft:interact_with_furnace":14,"minecraft:mob_kills":46,"minecraft:interact_with_crafting_table":14,"minecraft:leave_game":2,"minecraft:time_since_death":61503,"minecraft:sleep_in_bed":2,"minecraft:time_since_rest":26181,"minecraft:sprint_one_cm":203650,"minecraft:damage_taken":1902,"minecraft:walk_one_cm":109791,"minecraft:damage_dealt":8072,"minecraft:swim_one_cm":56693,"minecraft:fly_one_cm":317146,"minecraft:open_chest":3,"minecraft:crouch_one_cm":532,"minecraft:play_time":68389,"minecraft:deaths":3,"minecraft:sneak_time":430,"minecraft:walk_under_water_one_cm":10956,"minecraft:jump":1201,"minecraft:walk_on_water_one_cm":20759,"minecraft:total_world_time":68389,"minecraft:fall_one_cm":24819},"minecraft:killed":{"minecraft:pig":7,"minecraft:spider":4,"minecraft:sheep":4,"minecraft:skeleton":5,"minecraft:zombie":24,"minecraft:cow":1},"minecraft:killed_by":{"minecraft:player":1},"minecraft:crafted":{"minecraft:diamond_sword":1,"minecraft:fishing_rod":1,"minecraft:cooked_porkchop":5,"minecraft:crafting_table":2,"minecraft:spruce_planks":32,"minecraft:wooden_pickaxe":1,"minecraft:cooked_chicken":1,"minecraft:iron_sword":1,"minecraft:furnace":1,"minecraft:bone_meal":18,"minecraft:cooked_mutton":2,"minecraft:bread":2,"minecraft:diamond_pickaxe":1,"minecraft:iron_boots":1,"minecraft:iron_chestplate":1,"minecraft:stick":28,"minecraft:iron_ingot":25,"minecraft:iron_pickaxe":1,"minecraft:stone_pickaxe":1,"minecraft:wooden_axe":1,"minecraft:iron_leggings":1,"minecraft:white_bed":1,"minecraft:torch":44},"minecraft:used":{"minecraft:cooked_mutton":2,"minecraft:stone_pickaxe":45,"minecraft:wooden_pickaxe":23,"minecraft:iron_sword":92,"minecraft:cooked_chicken":1,"minecraft:rotten_flesh":5,"minecraft:iron_chestplate":1,"minecraft:torch":40,"minecraft:glow_berries":3,"minecraft:dirt":20,"minecraft:mutton":3,"minecraft:crafting_table":6,"minecraft:white_bed":3,"minecraft:granite":18,"minecraft:wooden_axe":31,"minecraft:diamond_pickaxe":1,"minecraft:bread":4,"minecraft:iron_pickaxe":84,"minecraft:map":2,"minecraft:iron_boots":1,"minecraft:fishing_rod":3,"minecraft:diamond_sword":48,"minecraft:beef":2,"minecraft:cooked_porkchop":5,"minecraft:furnace":2,"minecraft:porkchop":8,"minecraft:cobbled_deepslate":20,"minecraft:iron_leggings":1},"minecraft:picked_up":{"minecraft:crafting_table":4,"minecraft:chicken":1,"minecraft:andesite":4,"minecraft:leather":1,"minecraft:gunpowder":2,"minecraft:string":3,"minecraft:dirt":20,"minecraft:bone":6,"minecraft:wheat_seeds":1,"minecraft:cobbled_deepslate":21,"minecraft:beef":2,"minecraft:light_gray_wool":1,"minecraft:sugar_cane":32,"minecraft:oak_planks":3,"minecraft:furnace":2,"minecraft:raw_iron":47,"minecraft:oak_fence":6,"minecraft:torch":6,"minecraft:porkchop":13,"minecraft:white_bed":2,"minecraft:spruce_log":10,"minecraft:redstone":4,"minecraft:arrow":9,"minecraft:rotten_flesh":23,"minecraft:diamond":7,"minecraft:granite":18,"minecraft:mutton":5,"minecraft:coal":104,"minecraft:white_wool":3,"minecraft:cobblestone":21}},"DataVersion":3953}