{"stats":{"minecraft:custom":{"minecraft:jump":87,"minecraft:time_since_rest":890,"minecraft:damage_dealt":316,"minecraft:damage_taken":485,"minecraft:leave_game":2,"minecraft:time_since_death":864,"minecraft:play_time":4483,"minecraft:sprint_one_cm":6931,"minecraft:walk_one_cm":2942,"minecraft:walk_on_water_one_cm":4996,"minecraft:deaths":2,"minecraft:sneak_time":60,"minecraft:total_world_time":4483,"minecraft:walk_under_water_one_cm":3399,"minecraft:swim_one_cm":11226,"minecraft:fall_one_cm":211,"minecraft:fly_one_cm":34112},"minecraft:killed_by":{"minecraft:player":1}},"DataVersion":3953}